Product Link,Product Name,Product Price,Product Rating,Product Ratings
amazon.in/sspa/click?ie=UTF8&spc=MToyMjMxMTIyMzAwNjM1ODc6MTY5MDA5MTcxNTpzcF9hdGY6MzAwMDE2NjE4MTk2NTMyOjowOjo&url=%2FZebronics-Compartment-Backpacks-15-6-inch-Black%2Fdp%2FB0C6KZS555%2Fref%3Dsr_1_1_sspa%3Fcrid%3D2M096C61O4MLT%26keywords%3Dbags%26qid%3D1690091715%26sprefix%3Dba%252Caps%252C283%26sr%3D8-1-spons%26sp_csd%3Dd2lkZ2V0TmFtZT1zcF9hdGY%26psc%3D1,"Zebronics Camp1, 14 Liters, 1 Compartment Laptop Backpacks Fit Up to 15.6-inch Laptop, Polyester Fabric, Office Use and Mini Business Travel Bags (Black)",499,,
amazon.in/sspa/click?ie=UTF8&spc=MToyMjMxMTIyMzAwNjM1ODc6MTY5MDA5MTcxNTpzcF9hdGY6MjAwNjU1MzM2ODQ2OTg6OjA6Og&url=%2FPOLICE-ltrs-cms-backpack-PTO020008_1_black%2Fdp%2FB0B81YTTWS%2Fref%3Dsr_1_2_sspa%3Fcrid%3D2M096C61O4MLT%26keywords%3Dbags%26qid%3D1690091715%26sprefix%3Dba%252Caps%252C283%26sr%3D8-2-spons%26sp_csd%3Dd2lkZ2V0TmFtZT1zcF9hdGY%26psc%3D1,"uppercase Medium 23 Ltrs Tall Boy (14.6 inch) Laptop Backpack 2500EBP1 3x more water resistant sustainable bag with rain proof zippers for Men, Women, Boys and Girls, 750 Days warranty","1,700",248,4.0 out of 5 stars
amazon.in/American-Tourister-AMT-SCH-02/dp/B07CJCGM1M/ref=sr_1_3?crid=2M096C61O4MLT&keywords=bags&qid=1690091715&sprefix=ba%2Caps%2C283&sr=8-3,American Tourister Fizz Large Size 32 Ltrs Casual Backpack (BLACK),"1,199","54,975",4.0 out of 5 stars
amazon.in/Skybags-Brat-Black-Casual-Backpack/dp/B08Z1HHHTD/ref=sr_1_4?crid=2M096C61O4MLT&keywords=bags&qid=1690091715&sprefix=ba%2Caps%2C283&sr=8-4,Skybags Brat Black 46 Cms Casual Backpack,669,"5,172",4.1 out of 5 stars
amazon.in/Wesley-Milestone-Waterproof-Backpack-Business/dp/B084JGJ8PF/ref=sr_1_5?crid=2M096C61O4MLT&keywords=bags&qid=1690091715&sprefix=ba%2Caps%2C283&sr=8-5,Wesley Milestone 2.0 Casual Waterproof Laptop Backpack/Office Bag/School Bag/College Bag/Business Bag/Travel Backpack (Dimensions:13x18 inches) (Compatible with 39.62cm(15.6inch laptop) 30 L (Blue & black),550,"11,828",4.3 out of 5 stars
amazon.in/Half-Moon-Backpack-Luggage-Compartment/dp/B09VCLZ3K4/ref=sr_1_6?crid=2M096C61O4MLT&keywords=bags&qid=1690091715&sprefix=ba%2Caps%2C283&sr=8-6,Half Moon Large 37L Laptop Bag Backpack for menं Women Boys and Girls Luggage Travel Bags with 17.3 inches Laptop Compartment & Rain Cover,849,"3,218",3.9 out of 5 stars
amazon.in/Gear-Classic-Leather-Backpack-LBPCLSLTH0201/dp/B07G4F6XFH/ref=sr_1_7?crid=2M096C61O4MLT&keywords=bags&qid=1690091715&sprefix=ba%2Caps%2C283&sr=8-7,Gear Classic 20L Faux Leather Water Resistant Anti Theft Laptop Bag/Backpack for Men/Women (Brown),987,"5,915",4.4 out of 5 stars
amazon.in/Half-Moon-Waterproof-Backpack-Students/dp/B085MHDJ93/ref=sr_1_8?crid=2M096C61O4MLT&keywords=bags&qid=1690091715&sprefix=ba%2Caps%2C283&sr=8-8,"Half Moon 35 Ltrs Water Resistant 15.6 inch Laptop Bag for Men/Backpack for Men, Navy Blue | Office Bag for Men/Office Bag for Women with Padded Laptop Compartment | Rain Cover & Reflective Strips",649,"16,569",3.9 out of 5 stars
amazon.in/American-Tourister-BACKPACK-COMPARTMENT-ORGANIZER/dp/B0BTD4S4XF/ref=sr_1_9?crid=2M096C61O4MLT&keywords=bags&qid=1690091715&sprefix=ba%2Caps%2C283&sr=8-9,"American Tourister VALEX BLACK LAPTOP BACKPACK 28 Ltrs,Volume, LAPTOP COMPARTMENT, BOTTLE POCKET, FRONT ORGANIZER","1,199",549,4.3 out of 5 stars
amazon.in/SAFARI-Ltrs-Casual-Backpack-DAYPACKNEO15CBSEB/dp/B07Q7CNPMV/ref=sr_1_10?crid=2M096C61O4MLT&keywords=bags&qid=1690091715&sprefix=ba%2Caps%2C283&sr=8-10,Safari Compact Size 15 Ltrs Casual Backpack For Unisex Adult - Sea Blue,248,"19,994",4.0 out of 5 stars
amazon.in/sspa/click?ie=UTF8&spc=MToyMjMxMTIyMzAwNjM1ODc6MTY5MDA5MTcxNTpzcF9tdGY6MzAwMDEzMzQyOTgzODMyOjowOjo&url=%2FPolice-Polyester-laptop-casual-backpack%2Fdp%2FB09CQ5T3LN%2Fref%3Dsr_1_11_sspa%3Fcrid%3D2M096C61O4MLT%26keywords%3Dbags%26qid%3D1690091715%26sprefix%3Dba%252Caps%252C283%26sr%3D8-11-spons%26sp_csd%3Dd2lkZ2V0TmFtZT1zcF9tdGY%26psc%3D1,POLICE Backpack for Men Casual Laptop Bag Office/Travel/College 30 Ltr Hedge Polyester - Black,"1,399","5,731",4.1 out of 5 stars
amazon.in/sspa/click?ie=UTF8&spc=MToyMjMxMTIyMzAwNjM1ODc6MTY5MDA5MTcxNTpzcF9tdGY6MzAwMDExMTY2ODM4NzMyOjowOjo&url=%2FSafari-SAGE18FBBLK-Sage-Formal-Backpack%2Fdp%2FB097JLZBK3%2Fref%3Dsr_1_12_sspa%3Fcrid%3D2M096C61O4MLT%26keywords%3Dbags%26qid%3D1690091715%26sprefix%3Dba%252Caps%252C283%26sr%3D8-12-spons%26sp_csd%3Dd2lkZ2V0TmFtZT1zcF9tdGY%26psc%3D1,Sage Formal Backpack - black,"3,499",2,5.0 out of 5 stars
amazon.in/NORTH-ZONE-Waterproof-Backpack-Dimensions/dp/B0BS6QQZYN/ref=sr_1_13?crid=2M096C61O4MLT&keywords=bags&qid=1690091715&sprefix=ba%2Caps%2C283&sr=8-13,NORTH ZONE Casual Waterproof Laptop Backpack/Office Bag/School Bag/College Bag/Business Bag/Travel Backpack (Dimensions:13x18 inches) (Compatible with 39.62cm(15.6inch laptop) 30 L,499,475,4.0 out of 5 stars
amazon.in/TRUE-HUMAN-Anti-Theft-backpack-charging/dp/B09QJ7ZF2Y/ref=sr_1_14?crid=2M096C61O4MLT&keywords=bags&qid=1690091715&sprefix=ba%2Caps%2C283&sr=8-14,"TRUE HUMAN Emperor Anti-Theft backpack With USB charging Port Laptop Bag, Office bag, college bag and anti -theft back pocket (Black)",689,"2,304",3.8 out of 5 stars
amazon.in/ADISA-Laptop-Backpack-Office-College/dp/B09TPX22NF/ref=sr_1_15?crid=2M096C61O4MLT&keywords=bags&qid=1690091715&sprefix=ba%2Caps%2C283&sr=8-15,ADISA 15.6 inch Laptop Backpack Office Bag College Travel Back Pack 32 Ltrs (z-Navy Blue),549,"1,015",3.9 out of 5 stars
amazon.in/Gear-Black-Laptop-Backpack-LBPASPIRE0104/dp/B075MK4TXP/ref=sr_1_16?crid=2M096C61O4MLT&keywords=bags&qid=1690091715&sprefix=ba%2Caps%2C283&sr=8-16,Gear Cello 30 Ltrs Black Laptop Backpack (LBPASPIRE0104),"1,125","5,906",4.4 out of 5 stars
amazon.in/Nelle-Harper-Womens-Sling-Green/dp/B07JGQM7DC/ref=sr_1_17?crid=2M096C61O4MLT&keywords=bags&qid=1690091715&sprefix=ba%2Caps%2C283&sr=8-17,Nelle Harper Women's Handbag,809,"1,904",3.7 out of 5 stars
amazon.in/Lunars-Bingo-Laptop-Resistant-48L/dp/B08YZ8FFBZ/ref=sr_1_18?crid=2M096C61O4MLT&keywords=bags&qid=1690091715&sprefix=ba%2Caps%2C283&sr=8-18,Lunar's Bingo - 48 L Laptop Office/School/Travel/Business Backpack Water Resistant - Fits Up to 15.6 Inch Laptop Notebook with 1 Year Warranty,899,"9,890",3.9 out of 5 stars
amazon.in/SFANE-Duffel-Shoulder-Women-Compartment/dp/B07XXFB9CZ/ref=sr_1_19?crid=2M096C61O4MLT&keywords=bags&qid=1690091715&sprefix=ba%2Caps%2C283&sr=8-19,Sfane Polyester 23cms Duffle/Shoulder/Gym Bag for Men & Women with Separate Shoe Compartment (Grey),427,"7,619",4.3 out of 5 stars
amazon.in/Wesley-Spartan-Hiking-Raincover-Organiser/dp/B098QFF5TJ/ref=sr_1_20?crid=2M096C61O4MLT&keywords=bags&qid=1690091715&sprefix=ba%2Caps%2C283&sr=8-20,Wesley Spartan Unisex Travel Hiking Laptop Bag fits Upto 17.3 inch with Raincover and Internal Organiser Backpack Rucksack College Bag,749,"1,552",4.1 out of 5 stars
amazon.in/sspa/click?ie=UTF8&spc=MToyMjMxMTIyMzAwNjM1ODc6MTY5MDA5MTcxNTpzcF9idGY6MjAxNjcxNTQ5ODEyOTg6OjA6Og&url=%2FEUME-Tourismo-Backpack-Resistance-15-6-inch%2Fdp%2FB0B4JQSMD5%2Fref%3Dsr_1_21_sspa%3Fcrid%3D2M096C61O4MLT%26keywords%3Dbags%26qid%3D1690091715%26sprefix%3Dba%252Caps%252C283%26sr%3D8-21-spons%26sp_csd%3Dd2lkZ2V0TmFtZT1zcF9idGY%26psc%3D1,EUME Tourismo 36L Laptop Backpack Bag with 2 Large Compartment for Work Office & Business Travel for Men & Women | Water Resistance | Fit Up to 16 Inch Laptop,"2,499",7,4.4 out of 5 stars
amazon.in/sspa/click?ie=UTF8&spc=MToyMjMxMTIyMzAwNjM1ODc6MTY5MDA5MTcxNTpzcF9idGY6MzAwMDA2ODIyMTI2NjMyOjowOjo&url=%2FWALKENT-Premium-Support-Pockets-Elprine%2Fdp%2FB0C7KP65DP%2Fref%3Dsr_1_22_sspa%3Fcrid%3D2M096C61O4MLT%26keywords%3Dbags%26qid%3D1690091715%26sprefix%3Dba%252Caps%252C283%26sr%3D8-22-spons%26sp_csd%3Dd2lkZ2V0TmFtZT1zcF9idGY%26psc%3D1,"WALKENT Waterproof Laptop Bag for Men with Side Bottle Pockets, Cushioned Straps & More P2","4,990",,
amazon.in/sspa/click?ie=UTF8&spc=MTo1NTA2NjIwODA1NjUwMDIxOjE2OTAwOTU2NDU6c3BfYXRmX25leHQ6MzAwMDEzMzQyOTgzODMyOjowOjo&url=%2FPolice-Polyester-laptop-casual-backpack%2Fdp%2FB09CQ5T3LN%2Fref%3Dsr_1_17_sspa%3Fcrid%3D2M096C61O4MLT%26keywords%3Dbags%26qid%3D1690095645%26sprefix%3Dba%252Caps%252C283%26sr%3D8-17-spons%26sp_csd%3Dd2lkZ2V0TmFtZT1zcF9hdGZfbmV4dA%26psc%3D1,POLICE Backpack for Men Casual Laptop Bag Office/Travel/College 30 Ltr Hedge Polyester - Black,"1,399","5,731",4.1 out of 5 stars
amazon.in/sspa/click?ie=UTF8&spc=MTo1NTA2NjIwODA1NjUwMDIxOjE2OTAwOTU2NDU6c3BfYXRmX25leHQ6MjAxNjcxNTQ5ODEyOTg6OjA6Og&url=%2FEUME-Tourismo-Backpack-Resistance-15-6-inch%2Fdp%2FB0B4JQSMD5%2Fref%3Dsr_1_18_sspa%3Fcrid%3D2M096C61O4MLT%26keywords%3Dbags%26qid%3D1690095645%26sprefix%3Dba%252Caps%252C283%26sr%3D8-18-spons%26sp_csd%3Dd2lkZ2V0TmFtZT1zcF9hdGZfbmV4dA%26psc%3D1,EUME Tourismo 36L Laptop Backpack Bag with 2 Large Compartment for Work Office & Business Travel for Men & Women | Water Resistance | Fit Up to 16 Inch Laptop,"2,499",7,4.4 out of 5 stars
amazon.in/Wesley-Spartan-Hiking-Raincover-Organiser/dp/B098QFF5TJ/ref=sr_1_19?crid=2M096C61O4MLT&keywords=bags&qid=1690095645&sprefix=ba%2Caps%2C283&sr=8-19,Wesley Spartan Unisex Travel Hiking Laptop Bag fits Upto 17.3 inch with Raincover and Internal Organiser Backpack Rucksack College Bag,749,"1,552",4.1 out of 5 stars
amazon.in/NORTH-ZONE-Lightweight-Backpacks-Stylish/dp/B0BL3TVDK6/ref=sr_1_20?crid=2M096C61O4MLT&keywords=bags&qid=1690095645&sprefix=ba%2Caps%2C283&sr=8-20,Northzone Lightweight school bags Backpacks for Boys Girls Stylish men and women Casual Travel Laptop Bag College office (Black) 40L,415,121,4.0 out of 5 stars
amazon.in/Lenovo-15-6-Inches-Everyday-Backpack/dp/B08R7RPVJF/ref=sr_1_21?crid=2M096C61O4MLT&keywords=bags&qid=1690095645&sprefix=ba%2Caps%2C283&sr=8-21,"Lenovo 15.6"" (39.62cm) Slim Everyday Backpack, Made in India, Compact, Water-resistant, Organized storage:Laptop sleeve,tablet pocket,front workstation,2-side pockets,Padded adjustable shoulder straps",839,"3,689",4.3 out of 5 stars
amazon.in/Wesley-Milestone-Waterproof-Backpack-Business/dp/B085S444JV/ref=sr_1_22?crid=2M096C61O4MLT&keywords=bags&qid=1690095645&sprefix=ba%2Caps%2C283&sr=8-22,"Wesley Milestone 2.0 Casual Waterproof Laptop Backpack/Office Bag/School Bag/College Bag/Business Bag/Travel Backpack (Dimensions:13x18 inches) (Compatible with 39.62cm(15.6inch laptop) 30 L, Charcoal black",550,"11,828",4.3 out of 5 stars
amazon.in/Number-Backpack-Compartment-Charging-Organizer/dp/B09VTDMRY7/ref=sr_1_23?crid=2M096C61O4MLT&keywords=bags&qid=1690095645&sprefix=ba%2Caps%2C283&sr=8-23,"FUR JADEN Anti Theft Number Lock Backpack Bag with 15.6 Inch Laptop Compartment, USB Charging Port & Organizer Pocket for Men Women Boys Girls",679,"4,901",4.0 out of 5 stars
amazon.in/LOOKMUSTER-Waterproof-Backpack-College-Business/dp/B0BZW8KW18/ref=sr_1_24?crid=2M096C61O4MLT&keywords=bags&qid=1690095645&sprefix=ba%2Caps%2C283&sr=8-24,LOOKMUSTER (15.6 inch 30 L Casual Waterproof Laptop Backpack/Office Bag/School Bag/College Bag/Business Bag/Unisex Travel Backpack,439,31,3.9 out of 5 stars
amazon.in/GEAR-Black-Blue-Backpack-years/dp/B019HA8AYG/ref=sr_1_25?crid=2M096C61O4MLT&keywords=bags&qid=1690095645&sprefix=ba%2Caps%2C283&sr=8-25,Gear CarryOn 16L Foldable Water Resistant School Bag//Backpack/College Bag for Men/Women - Blue Black,224,"6,823",3.7 out of 5 stars
amazon.in/Martucci-Casual-Travelling-Laptop-Backpack/dp/B088B4P6ZW/ref=sr_1_26?crid=2M096C61O4MLT&keywords=bags&qid=1690095645&sprefix=ba%2Caps%2C283&sr=8-26,Martucci 15.6 inch 30 L Casual Waterproof Laptop Backpack/Office Bag/School Bag/College Bag/Business Bag/Unisex Travel Backpack(Black),549,"7,660",3.9 out of 5 stars
amazon.in/sspa/click?ie=UTF8&spc=MTo1NTA2NjIwODA1NjUwMDIxOjE2OTAwOTU2NDU6c3BfbXRmOjMwMDAxMTE2NjgzODczMjo6MDo6&url=%2FSafari-SAGE18FBBLK-Sage-Formal-Backpack%2Fdp%2FB097JLZBK3%2Fref%3Dsr_1_27_sspa%3Fcrid%3D2M096C61O4MLT%26keywords%3Dbags%26qid%3D1690095645%26sprefix%3Dba%252Caps%252C283%26sr%3D8-27-spons%26sp_csd%3Dd2lkZ2V0TmFtZT1zcF9tdGY%26psc%3D1,Sage Formal Backpack - black,"3,499",2,5.0 out of 5 stars
amazon.in/sspa/click?ie=UTF8&spc=MTo1NTA2NjIwODA1NjUwMDIxOjE2OTAwOTU2NDU6c3BfbXRmOjMwMDAwNjgyMjEyNjYzMjo6MDo6&url=%2FWALKENT-Premium-Support-Pockets-Elprine%2Fdp%2FB0C7KP65DP%2Fref%3Dsr_1_28_sspa%3Fcrid%3D2M096C61O4MLT%26keywords%3Dbags%26qid%3D1690095645%26sprefix%3Dba%252Caps%252C283%26sr%3D8-28-spons%26sp_csd%3Dd2lkZ2V0TmFtZT1zcF9tdGY%26psc%3D1,"WALKENT Waterproof Laptop Bag for Men with Side Bottle Pockets, Cushioned Straps & More P2","4,990",,
amazon.in/TRUE-Emperor-Anti-Theft-backpack-charging/dp/B0BYB631NR/ref=sr_1_29?crid=2M096C61O4MLT&keywords=bags&qid=1690095645&sprefix=ba%2Caps%2C283&sr=8-29,"TRUE HUMAN® Emperor Anti-Theft Pocket backpack With USB charging Port Laptop,office,college,travel bag for men and women(Epower)",680,179,3.6 out of 5 stars
amazon.in/Nivia-6853-Polyester-Basic-Duffle/dp/B07FWQ9HRV/ref=sr_1_30?crid=2M096C61O4MLT&keywords=bags&qid=1690095645&sprefix=ba%2Caps%2C283&sr=8-30,NIVIA Basic Duffle Polyester Bag/Gym Bags/Adjustable Shoulder Bag for Men/Duffle Gym Bags for Men/Fitness Bag/Carry Bags/Sports & Travel Bag/Sports Kit/Duffle Bags Travel,269,"3,676",4.0 out of 5 stars
amazon.in/NORTH-ZONE-Waterproof-Backpack-Dimensions/dp/B0BS6QM2GD/ref=sr_1_31?crid=2M096C61O4MLT&keywords=bags&qid=1690095645&sprefix=ba%2Caps%2C283&sr=8-31,NORTH ZONE Casual Waterproof Laptop Backpack/Office Bag/School Bag/College Bag/Business Bag/Travel Backpack (Dimensions:13x18 inches) (Compatible with 39.62cm(15.6inch laptop) 30 L,499,475,4.0 out of 5 stars
amazon.in/Arctic-Fox-Liters-String-Backpack/dp/B08L6Q9V1H/ref=sr_1_32?crid=2M096C61O4MLT&keywords=bags&qid=1690095645&sprefix=ba%2Caps%2C283&sr=8-32,Arctic Fox 15 Liters Draw String Bag Lavender Backpack,229,"3,387",4.3 out of 5 stars
amazon.in/Half-Moon-Resistant-Backpack-Compartment/dp/B0BHX7GY16/ref=sr_1_33?crid=2M096C61O4MLT&keywords=bags&qid=1690095645&sprefix=ba%2Caps%2C283&sr=8-33,Half Moon Large 37L Laptop Bag Backpack for menं Women Boys and Girls Luggage Travel Bags with 17.3 inches Laptop Compartment & Rain Cover,849,"3,218",3.9 out of 5 stars
amazon.in/WILDHORN-Backpack-Compartment-Business-Stitching/dp/B09QL81ZHB/ref=sr_1_34?crid=2M096C61O4MLT&keywords=bags&qid=1690095645&sprefix=ba%2Caps%2C283&sr=8-34,"WILDHORN 31L Laptop Backpack for Men/Women I Fits upto 15.6"" Laptop I Waterproof I Travel/Business/College Bookbags",599,"1,447",4.0 out of 5 stars
amazon.in/School-school-partition-Collage-Backpack/dp/B09NNYCQ1Q/ref=sr_1_35?crid=2M096C61O4MLT&keywords=bags&qid=1690095645&sprefix=ba%2Caps%2C283&sr=8-35,URBAN CARRIER School Bag For girls school bags for boys Class 5-10 Large 4 partition 45 L Laptop Collage Office Travel Unisex Backpack,431,946,3.5 out of 5 stars
amazon.in/Arctic-Fox-Backpack-Charging-Laptop/dp/B089QBD333/ref=sr_1_36?crid=2M096C61O4MLT&keywords=bags&qid=1690095645&sprefix=ba%2Caps%2C283&sr=8-36,Arctic Fox Slope Anti Theft 23 L Backpack with USB Charging Port 15 Inch Laptop Backpack (Marble Black),"1,439","4,024",4.5 out of 5 stars
amazon.in/sspa/click?ie=UTF8&spc=MTo1NTA2NjIwODA1NjUwMDIxOjE2OTAwOTU2NDU6c3BfYnRmOjIwMTYzMDU5ODA0MTk4OjowOjo&url=%2FWALKENT-Multifunction-Duo-Marketing-Waterproof%2Fdp%2FB0BJ986NTC%2Fref%3Dsr_1_37_sspa%3Fcrid%3D2M096C61O4MLT%26keywords%3Dbags%26qid%3D1690095645%26sprefix%3Dba%252Caps%252C283%26sr%3D8-37-spons%26sp_csd%3Dd2lkZ2V0TmFtZT1zcF9idGY%26psc%3D1,"WALKENT Premium 2 in 1 Multifunction Travel Backpack & Laptop Bag Ideal for Sales & Marketing Jobs - Waterproof, Cushioned Strap, Multiple Carrying Positions for Men - (Model Duo, 35 Ltrs)","3,029",19,4.6 out of 5 stars
amazon.in/sspa/click?ie=UTF8&spc=MTo1NTA2NjIwODA1NjUwMDIxOjE2OTAwOTU2NDU6c3BfYnRmOjIwMTU1OTY4NzY0Nzk4OjowOjo&url=%2FHeavy-Backpck-Laptop-Bag-GIS_003%2Fdp%2FB0BZ446D7L%2Fref%3Dsr_1_38_sspa%3Fcrid%3D2M096C61O4MLT%26keywords%3Dbags%26qid%3D1690095645%26sprefix%3Dba%252Caps%252C283%26sr%3D8-38-spons%26sp_csd%3Dd2lkZ2V0TmFtZT1zcF9idGY%26psc%3D1,Heavy Backpck Laptop Bag GIS_003,590,,
amazon.in/sspa/click?ie=UTF8&spc=MToyMzUzNDgyNDQzNzgwOTcyOjE2OTAwOTU4NTI6c3BfYXRmX25leHQ6MjAxNjcxNTQ5ODExOTg6OjA6Og&url=%2FEUME-Tourismo-Backpack-Resistance-15-6-inch%2Fdp%2FB0B4JNV37M%2Fref%3Dsr_1_33_sspa%3Fcrid%3D2M096C61O4MLT%26keywords%3Dbags%26qid%3D1690095852%26sprefix%3Dba%252Caps%252C283%26sr%3D8-33-spons%26sp_csd%3Dd2lkZ2V0TmFtZT1zcF9hdGZfbmV4dA%26psc%3D1,EUME Tourismo 36L Laptop Backpack Bag with 2 Large Compartment for Work Office & Business Travel for Men & Women | Water Resistance | Fit Up to 16 Inch Laptop,"2,499",7,4.4 out of 5 stars
amazon.in/sspa/click?ie=UTF8&spc=MToyMzUzNDgyNDQzNzgwOTcyOjE2OTAwOTU4NTI6c3BfYXRmX25leHQ6MzAwMDE0NTk0MDAxNjMyOjowOjo&url=%2FElegant-Leatherette-Waterproof-Backpack-Business%2Fdp%2FB0C4GVK22X%2Fref%3Dsr_1_34_sspa%3Fcrid%3D2M096C61O4MLT%26keywords%3Dbags%26qid%3D1690095852%26sprefix%3Dba%252Caps%252C283%26sr%3D8-34-spons%26sp_csd%3Dd2lkZ2V0TmFtZT1zcF9hdGZfbmV4dA%26psc%3D1,Elegant 16 inch 28 L Casual Waterproof Laptop Backpack/Office Bag/School Bag/College Bag/Business Bag/Unisex Travel Backpack,799,5,5.0 out of 5 stars
amazon.in/ADISA-Casual-Backpack-College-BP046-NAV_Navy/dp/B0BX3QFVSM/ref=sr_1_35?crid=2M096C61O4MLT&keywords=bags&qid=1690095852&sprefix=ba%2Caps%2C283&sr=8-35,ADISA 31 Ltrs Casual Backpack School College Bag Pack,399,124,3.8 out of 5 stars
amazon.in/ADISA-BP005-Weight-Casual-Backpack/dp/B07F3X45WZ/ref=sr_1_36?crid=2M096C61O4MLT&keywords=bags&qid=1690095852&sprefix=ba%2Caps%2C283&sr=8-36,ADISA Light Weight Laptop Backpack 32 Ltrs,499,"6,013",4.0 out of 5 stars
amazon.in/Exotic-Sling-Womens-Girls-Grey/dp/B092VSZ69M/ref=sr_1_37?crid=2M096C61O4MLT&keywords=bags&qid=1690095852&sprefix=ba%2Caps%2C283&sr=8-37,EXOTIC Women's Sling Bag,450,"2,486",4.2 out of 5 stars
amazon.in/Ritzy-Waterproof-Hi-Quality-External-Resistant/dp/B09Q172X7J/ref=sr_1_38?crid=2M096C61O4MLT&keywords=bags&qid=1690095852&sprefix=ba%2Caps%2C283&sr=8-38,"Walkent Stylish 15.6"" Laptop Bag (Model Ritzy) Hi-Quality PU, Waterproof, Anti Theft, External USB, Scratch Resistant for Office College Men Women","2,809",118,4.3 out of 5 stars
amazon.in/Wesley-Milestone-Waterproof-Backpack-Business/dp/B07NJRPJ6Q/ref=sr_1_39?crid=2M096C61O4MLT&keywords=bags&qid=1690095852&sprefix=ba%2Caps%2C283&sr=8-39,Wesley Milestone 15.6 inch 25 L Casual Waterproof Laptop Backpack/Office Bag/School Bag/College Bag/Business Bag/Unisex Travel Backpack (Black),448,"13,086",4.3 out of 5 stars
amazon.in/Safari-Spartan-Water-Resistant-Backpack/dp/B09B277CR5/ref=sr_1_40?crid=2M096C61O4MLT&keywords=bags&qid=1690095852&sprefix=ba%2Caps%2C283&sr=8-40,"Safari Spartan 21 Ltrs Water Resistant Backpack - Teal, S (SPARTAN19CBTEA)",599,896,3.8 out of 5 stars
amazon.in/Safari-Sheild-Resistant-Casual-Backpack/dp/B09B28M2RN/ref=sr_1_41?crid=2M096C61O4MLT&keywords=bags&qid=1690095852&sprefix=ba%2Caps%2C283&sr=8-41,Safari Sheild 26 Ltrs Water Resistant Casual Backpack - (SHEILD19CBBLK),699,541,4.1 out of 5 stars
amazon.in/Step-Backpack-Small-Water-Repellant/dp/B088XG77KN/ref=sr_1_42?crid=2M096C61O4MLT&keywords=bags&qid=1690095852&sprefix=ba%2Caps%2C283&sr=8-42,"Mi Step Out 12 L Mini Backpack (Small Size, Red, Water Repellant)",319,"9,457",4.1 out of 5 stars
amazon.in/sspa/click?ie=UTF8&spc=MToyMzUzNDgyNDQzNzgwOTcyOjE2OTAwOTU4NTI6c3BfbXRmOjMwMDAwMTczMTYzOTczMjo6MDo6&url=%2FWALKENT-Anti-Theft-Expandable-Combination-Secure%2Fdp%2FB0C6GJMR72%2Fref%3Dsr_1_43_sspa%3Fcrid%3D2M096C61O4MLT%26keywords%3Dbags%26qid%3D1690095852%26sprefix%3Dba%252Caps%252C283%26sr%3D8-43-spons%26sp_csd%3Dd2lkZ2V0TmFtZT1zcF9tdGY%26psc%3D1,"WALKENT ARCTIC HUNTER Anti-Theft, Hard Top 15.6"" Expandable Laptop Bag with Built-in Combination Lock, Scratch & Water Resistant for Office, College, Men, Women (Model Secure)","3,890",,
amazon.in/sspa/click?ie=UTF8&spc=MToyMzUzNDgyNDQzNzgwOTcyOjE2OTAwOTU4NTI6c3BfbXRmOjIwMDQzMzIxMTM2NjA2OjowOjo&url=%2FCOSMUS-Multipurpose-Backpack-Bag-compartment%2Fdp%2FB078JVT384%2Fref%3Dsr_1_44_sspa%3Fcrid%3D2M096C61O4MLT%26keywords%3Dbags%26qid%3D1690095852%26sprefix%3Dba%252Caps%252C283%26sr%3D8-44-spons%26sp_csd%3Dd2lkZ2V0TmFtZT1zcF9tdGY%26psc%3D1,"COSMUS Madison waterproof Multipurpose Backpack With laptop compartment , 33L","1,375","2,268",4.2 out of 5 stars
amazon.in/NORTH-ZONE-Lightweight-Backpacks-Stylish/dp/B0BL3SPN16/ref=sr_1_45?crid=2M096C61O4MLT&keywords=bags&qid=1690095852&sprefix=ba%2Caps%2C283&sr=8-45,NORTH ZONE Lightweight school bags Backpacks for Boys Girls Stylish men and women Casual Travel Laptop Bag College office,470,828,3.9 out of 5 stars
amazon.in/American-Tourister-BACKPACK-COMPARTMENT-ORGANIZER/dp/B0BTD4FK9G/ref=sr_1_46?crid=2M096C61O4MLT&keywords=bags&qid=1690095852&sprefix=ba%2Caps%2C283&sr=8-46,"American Tourister VALEX BLUE LAPTOP BACKPACK 28 Ltrs,Volume, LAPTOP COMPARTMENT, BOTTLE POCKET, FRONT ORGANIZER","1,399",507,4.2 out of 5 stars
amazon.in/ZIPLINE-Polyester-Backpack-Children-Daypack/dp/B07XVMVV77/ref=sr_1_47?crid=2M096C61O4MLT&keywords=bags&qid=1690095852&sprefix=ba%2Caps%2C283&sr=8-47,Zipline Unisex casual polyester 36 L Backpack School Bag Women Men Boys Girls children Daypack College Bag Book School Sports Bag Weekend Bag,843,"6,082",4.0 out of 5 stars
amazon.in/STRABO-Cooper-Laptop-Bag-Capacity/dp/B0BX9SVT1D/ref=sr_1_48?crid=2M096C61O4MLT&keywords=bags&qid=1690095852&sprefix=ba%2Caps%2C283&sr=8-48,"STRABO Cooper for Boys Girls Stylish Men and Women Casual 15"" inch 25L CANVAS Laptop BACKPACK | Office, College, Travel Bag",699,50,4.4 out of 5 stars
amazon.in/Storage-Disposable-Freezer-Feeding-Transparent/dp/B099ZZ57FT/ref=sr_1_49?crid=2M096C61O4MLT&keywords=bags&qid=1690095852&sprefix=ba%2Caps%2C283&sr=8-49,"Luv Lap LuvLap Baby Breast Milk Storage Bags (Pack of 25), BPA Free Disposable Milk Freezer Bags for Breast Feeding, Transparent",349,708,4.4 out of 5 stars
amazon.in/Nivia-Deflate-5180BK-Polyester-Round/dp/B07222KX3S/ref=sr_1_50?crid=2M096C61O4MLT&keywords=bags&qid=1690095852&sprefix=ba%2Caps%2C283&sr=8-50,NIVIA Deflate Round 01 Polyester Gym Bag/Unisex Gym Bags/Adjustable Shoulder Bag for Men/Duffle Gym Bags for Men/Carry Gym Accessories/Fitness Bag/Sports &Travel Bag/Gym kit Bag,439,"7,459",4.2 out of 5 stars
amazon.in/Half-Moon-Resistant-Backpack-Compartment/dp/B0BLVQ9NTD/ref=sr_1_51?crid=2M096C61O4MLT&keywords=bags&qid=1690095852&sprefix=ba%2Caps%2C283&sr=8-51,Half Moon Strike 35L Unisex Spacious School/Laptop/College/Office Travel Backpack Bag for Men Women Boys & Girls with 15.6 inch Padded Laptop Compartment & Multiple Pockets,699,574,3.8 out of 5 stars
amazon.in/Safari-Backpack-Resistant-Polyester-Travelling/dp/B09B26VHXV/ref=sr_1_52?crid=2M096C61O4MLT&keywords=bags&qid=1690095852&sprefix=ba%2Caps%2C283&sr=8-52,"Safari Flash Casual Backpack, 26 ltr Water Resistant Travel Bags| Weight Polyester Bagpack for Men and Women, Spacious Shoulder Bag for College, Office, Travelling and Camping",799,"2,969",3.8 out of 5 stars
amazon.in/sspa/click?ie=UTF8&spc=MToyMzUzNDgyNDQzNzgwOTcyOjE2OTAwOTU4NTI6c3BfYnRmOjIwMTI1ODk5OTIwNjk4OjowOjo&url=%2Fuppercase-Professional-Backpack-resistant-sustainable%2Fdp%2FB0BWNBQXDZ%2Fref%3Dsr_1_53_sspa%3Fcrid%3D2M096C61O4MLT%26keywords%3Dbags%26qid%3D1690095852%26sprefix%3Dba%252Caps%252C283%26sr%3D8-53-spons%26sp_csd%3Dd2lkZ2V0TmFtZT1zcF9idGY%26psc%3D1,"uppercase Apex Professional Laptop Backpack (15.6 Inch) 3x more water resistant sustainable bags with rain proof zippers for Men, Women, Boys and Girls, 750 Days warranty","1,800",66,4.3 out of 5 stars
amazon.in/sspa/click?ie=UTF8&spc=MToyMzUzNDgyNDQzNzgwOTcyOjE2OTAwOTU4NTI6c3BfYnRmOjIwMDk3NjEyMjMxNjk4OjowOjo&url=%2Fuppercase-Backpack-1800EBP1-resistant-sustainable%2Fdp%2FB0B9T4YDPX%2Fref%3Dsr_1_54_sspa%3Fcrid%3D2M096C61O4MLT%26keywords%3Dbags%26qid%3D1690095852%26sprefix%3Dba%252Caps%252C283%26sr%3D8-54-spons%26sp_csd%3Dd2lkZ2V0TmFtZT1zcF9idGY%26psc%3D1,"uppercase Laptop Backpack Printed Compact 3x more water repellent sustainable bags with rain proof zippers for Men, Women, Boys & Girls(Pink)","1,200",33,4.3 out of 5 stars
amazon.in/sspa/click?ie=UTF8&spc=MToxODgxMTY5MDQ2NTg3NzcwOjE2OTAwOTYwODk6c3BfYXRmX25leHQ6MjAxNjcxNDk1MjM4OTg6OjA6Og&url=%2FEUME-Virgo-29Ltr-Laptop-Backpack%2Fdp%2FB08R58K6QX%2Fref%3Dsr_1_65_sspa%3Fcrid%3D2M096C61O4MLT%26keywords%3Dbags%26qid%3D1690096089%26sprefix%3Dba%252Caps%252C283%26sr%3D8-65-spons%26sp_csd%3Dd2lkZ2V0TmFtZT1zcF9hdGZfbmV4dA%26psc%3D1,"EUME Virgo 29 Liter, 2 Compartment Office and College Bags, Polyester Casual Daypacks, Laptop Backpacks, Navy Blue Color",999,178,4.1 out of 5 stars
amazon.in/sspa/click?ie=UTF8&spc=MToxODgxMTY5MDQ2NTg3NzcwOjE2OTAwOTYwODk6c3BfYXRmX25leHQ6MjAxNjcxNDk1MjM3OTg6OjA6Og&url=%2FEUME-Virgo-29Ltr-Laptop-Backpack%2Fdp%2FB08R563J3T%2Fref%3Dsr_1_66_sspa%3Fcrid%3D2M096C61O4MLT%26keywords%3Dbags%26qid%3D1690096089%26sprefix%3Dba%252Caps%252C283%26sr%3D8-66-spons%26sp_csd%3Dd2lkZ2V0TmFtZT1zcF9hdGZfbmV4dA%26psc%3D1,"EUME Virgo 3 Compartment Office and College Bags, Polyester Casual Daypacks, Laptop Backpacks","1,199",297,4.2 out of 5 stars
amazon.in/F-Gear-Circadian-Guc-Black-Casual-Backpack/dp/B084THQXCD/ref=sr_1_67?crid=2M096C61O4MLT&keywords=bags&qid=1690096089&sprefix=ba%2Caps%2C283&sr=8-67,F Gear Circadian Guc Black 27 Ltrs Casual Backpack (3330),799,724,4.2 out of 5 stars
amazon.in/Backpack-Business-Backpacks-Charging-Resistant/dp/B094DGX84G/ref=sr_1_68?crid=2M096C61O4MLT&keywords=bags&qid=1690096089&sprefix=ba%2Caps%2C283&sr=8-68,"FUR JADEN Travel Laptop Backpack, Business Backpacks with USB Charging Port, Water Resistant College School Computer Bag for Men & Women Fits Under 15.6 inch Laptop and Notebook",949,480,4.3 out of 5 stars
amazon.in/HEROZ-Hammer-Durable-Travel-Laptop/dp/B07MGDFT9C/ref=sr_1_69?crid=2M096C61O4MLT&keywords=bags&qid=1690096089&sprefix=ba%2Caps%2C283&sr=8-69,HEROZ Hammer Unisex Nylon 45 L Travel Laptop Backpack Water Resistant Slim Durable Fits Up to 17.3 Inch Laptop Notebook (All) (Grey & Black),"1,359","8,031",4.2 out of 5 stars
amazon.in/Genie-Heartbeat-compartments-Lightweight-Travelling/dp/B097JJFF6Z/ref=sr_1_70?crid=2M096C61O4MLT&keywords=bags&qid=1690096089&sprefix=ba%2Caps%2C283&sr=8-70,"Genie Heartbeat Backpack for Women 3 compartments, School Bags for Girls, Stylish and Trendy College Backpacks for Girls, Water Resistant and Lightweight Bags for Office and Travelling Purpose.",999,268,4.5 out of 5 stars
amazon.in/Dynotrek-Sack-pack-Waterproof-Chromebook-DT02SCB/dp/B09DBVBYN4/ref=sr_1_71?crid=2M096C61O4MLT&keywords=bags&qid=1690096089&sprefix=ba%2Caps%2C283&sr=8-71,"Dynotrek 13 14 Upto 15.6"" Inch Laptop Casual Sack-pack Rucksack Travel Backpack With USB Charging Port For Men & Women Waterproof Backpack Suitable for Chromebook DT02SCB",799,"1,160",3.8 out of 5 stars
amazon.in/Right-Choice-Stylish-College-Backpack/dp/B07ZVXDHCK/ref=sr_1_72?crid=2M096C61O4MLT&keywords=bags&qid=1690096089&sprefix=ba%2Caps%2C283&sr=8-72,RIGHTCHOICE Quality Stylish Casual Backpack Daily use Unisex Typography College Bags (Boys and Girls),259,974,3.5 out of 5 stars
amazon.in/FUR-JADEN-Leatherette-Polypropylene-DUFF05/dp/B07M9BRCQ5/ref=sr_1_73?crid=2M096C61O4MLT&keywords=bags&qid=1690096089&sprefix=ba%2Caps%2C283&sr=8-73,Fur Jaden Brown Textured Leatherette Stylish & Spacious Weekender Duffle Bag for Travel,,"6,267",4.3 out of 5 stars
amazon.in/Messenger-Water-resistant-Briefcase-Multiple-Men-Black/dp/B0B6G58BYC/ref=sr_1_74?crid=2M096C61O4MLT&keywords=bags&qid=1690096089&sprefix=ba%2Caps%2C283&sr=8-74,"Arctic Hunter Laptop Bag Office Laptop Messenger Bag with 15.6-inch Laptop Pocket Removeable Shoulder Strap Anti-theft Laptop Office Briefcase with Hidden Pocket 4 Zipper Pocket Water-resistant Laptop Sling Bag for Men and Women, Black","2,999",104,4.5 out of 5 stars
amazon.in/sspa/click?ie=UTF8&spc=MToxODgxMTY5MDQ2NTg3NzcwOjE2OTAwOTYwODk6c3BfbXRmOjMwMDAyMDA4MTY2MDczMjo6MDo6&url=%2FCLOWNFISH-Outlander-liters-Leather-Backpack%2Fdp%2FB0BZ8PTC58%2Fref%3Dsr_1_75_sspa%3Fcrid%3D2M096C61O4MLT%26keywords%3Dbags%26qid%3D1690096089%26sprefix%3Dba%252Caps%252C283%26sr%3D8-75-spons%26sp_csd%3Dd2lkZ2V0TmFtZT1zcF9tdGY%26psc%3D1,THE CLOWNFISH Ryland Unisex Leather Casual Backpack,899,260,4.4 out of 5 stars
amazon.in/sspa/click?ie=UTF8&spc=MToxODgxMTY5MDQ2NTg3NzcwOjE2OTAwOTYwODk6c3BfbXRmOjIwMTA4NzM1NjIyNDk4OjowOjo&url=%2FClownfish-Victor-Leather-Backpack-Laptops%2Fdp%2FB07PHSQ1SJ%2Fref%3Dsr_1_76_sspa%3Fcrid%3D2M096C61O4MLT%26keywords%3Dbags%26qid%3D1690096089%26sprefix%3Dba%252Caps%252C283%26sr%3D8-76-spons%26sp_csd%3Dd2lkZ2V0TmFtZT1zcF9tdGY%26psc%3D1,THE CLOWNFISH Vegan Leather Mature Unisex Laptop Backpack,"1,299",733,4.1 out of 5 stars
amazon.in/Frantic-Velvet-School-Nursery-Travelling/dp/B091757GK4/ref=sr_1_77?crid=2M096C61O4MLT&keywords=bags&qid=1690096089&sprefix=ba%2Caps%2C283&sr=8-77,"Frantic Velvet Kids Soft Cartoon Animal Travelling School Bag Soft Plush Backpacks Baby Girls Boys for 2 to 5 Years Baby/Boys/Girls Nursery, Picnic,Preschool",309,"5,217",3.9 out of 5 stars
amazon.in/Wesley-Liter-Casual-Daypack-Backpack/dp/B0BVVY98PZ/ref=sr_1_78?crid=2M096C61O4MLT&keywords=bags&qid=1690096089&sprefix=ba%2Caps%2C283&sr=8-78,Wesley 15 Liter Casual Daypack Backpack,168,69,3.9 out of 5 stars
amazon.in/DZert-Polyester-Black-White-Laptop/dp/B07H193V57/ref=sr_1_79?crid=2M096C61O4MLT&keywords=bags&qid=1690096089&sprefix=ba%2Caps%2C283&sr=8-79,DZert Clasy Laptop Bag College Bag for Boys Girls 21 L Black,339,"2,495",3.8 out of 5 stars
amazon.in/Lenovo-Professional-Backpack-Water-resistant-Uncompromised/dp/B08R7S55H4/ref=sr_1_80?crid=2M096C61O4MLT&keywords=bags&qid=1690096089&sprefix=ba%2Caps%2C283&sr=8-80,"Lenovo 15.6"" Professional Backpack, Made in India, Water-resistant,Uncompromised storage, Travel friendly:Fleece-lined PC compartment,Vented,Padded BackPanel & Adjustable shoulder straps,Luggage strap",701,902,4.2 out of 5 stars
amazon.in/STRAUSS-Jute-Yoga-Shoulder-Strap/dp/B0BBWM221J/ref=sr_1_81?crid=2M096C61O4MLT&keywords=bags&qid=1690096089&sprefix=ba%2Caps%2C283&sr=8-81,"STRAUSS Yoga Mat Bag Cover with Shoulder Strap with Pocket for Men & Women, Drawstring and Full Zip,(Multicolor)",179,739,3.6 out of 5 stars
amazon.in/BEAUTY-GIRLS-HOTSHOT-School-1565/dp/B0BFXCHQZ5/ref=sr_1_82?crid=2M096C61O4MLT&keywords=bags&qid=1690096089&sprefix=ba%2Caps%2C283&sr=8-82,"BEAUTY GIRLS By HOTSHOT Girls School Bag (15ltr , Navy Blue, 1565)",499,271,3.7 out of 5 stars
amazon.in/Hammonds-Flycatcher-Leather-Messenger-LB190BRN/dp/B083M1QK32/ref=sr_1_83?crid=2M096C61O4MLT&keywords=bags&qid=1690096089&sprefix=ba%2Caps%2C283&sr=8-83,HAMMONDS FLYCATCHER Laptop Bag for Men - Genuine Leather Messenger Shoulder Bag - Fits 14/15.6/16 Inch Laptops - Brown Office Bag - Multiple Pockets -Water Resistant -Executive Bag for Work and Travel,"5,255",571,4.4 out of 5 stars
amazon.in/Gear-Colorado-Orange-Laptop-Backpack/dp/B097K6KD7W/ref=sr_1_84?crid=2M096C61O4MLT&keywords=bags&qid=1690096089&sprefix=ba%2Caps%2C283&sr=8-84,F Gear Colorado Grey Orange 39 Ltrs Laptop Backpack (3814),895,207,4.2 out of 5 stars
amazon.in/sspa/click?ie=UTF8&spc=MToxODgxMTY5MDQ2NTg3NzcwOjE2OTAwOTYwODk6c3BfYnRmOjMwMDAyMDI1Nzk1ODYzMjo6MDo6&url=%2FChris-Kate-Spacious-Compartment-Girls-Purple%2Fdp%2FB0CC9DS5HX%2Fref%3Dsr_1_85_sspa%3Fcrid%3D2M096C61O4MLT%26keywords%3Dbags%26qid%3D1690096089%26sprefix%3Dba%252Caps%252C283%26sr%3D8-85-spons%26sp_csd%3Dd2lkZ2V0TmFtZT1zcF9idGY%26psc%3D1,Chris & Kate Spacious 35 Ltrs Backpack for School College Everyday Bag With Laptop Compartment Casual Backpack for Boys and Girls,899,1,5.0 out of 5 stars
amazon.in/sspa/click?ie=UTF8&spc=MToxODgxMTY5MDQ2NTg3NzcwOjE2OTAwOTYwODk6c3BfYnRmOjMwMDAxNDU5NDAwMjAzMjo6MDo6&url=%2FElegant-BLCK01-Resistant-Backpack-Business%2Fdp%2FB0BZSFTTB2%2Fref%3Dsr_1_86_sspa%3Fcrid%3D2M096C61O4MLT%26keywords%3Dbags%26qid%3D1690096089%26sprefix%3Dba%252Caps%252C283%26sr%3D8-86-spons%26sp_csd%3Dd2lkZ2V0TmFtZT1zcF9idGY%26psc%3D1,Elegant 16 inch 28 L Casual Waterproof Laptop Backpack/Office Bag/School Bag/College Bag/Business Bag/Unisex Travel Backpack,849,5,5.0 out of 5 stars
amazon.in/sspa/click?ie=UTF8&spc=MTo4NDUxNTkxMTAxMDIwNTIzOjE2OTAwOTY0NjE6c3BfYXRmX25leHQ6MzAwMDEzMzQyOTgzODMyOjowOjo&url=%2FPolice-Polyester-laptop-casual-backpack%2Fdp%2FB09CQ5T3LN%2Fref%3Dsr_1_97_sspa%3Fcrid%3D2M096C61O4MLT%26keywords%3Dbags%26qid%3D1690096461%26sprefix%3Dba%252Caps%252C283%26sr%3D8-97-spons%26sp_csd%3Dd2lkZ2V0TmFtZT1zcF9hdGZfbmV4dA%26psc%3D1,POLICE Backpack for Men Casual Laptop Bag Office/Travel/College 30 Ltr Hedge Polyester - Black,"1,399","5,731",4.1 out of 5 stars
amazon.in/sspa/click?ie=UTF8&spc=MTo4NDUxNTkxMTAxMDIwNTIzOjE2OTAwOTY0NjE6c3BfYXRmX25leHQ6MjAxNjcxNTQ5ODEyOTg6OjA6Og&url=%2FEUME-Tourismo-Backpack-Resistance-15-6-inch%2Fdp%2FB0B4JQSMD5%2Fref%3Dsr_1_98_sspa%3Fcrid%3D2M096C61O4MLT%26keywords%3Dbags%26qid%3D1690096461%26sprefix%3Dba%252Caps%252C283%26sr%3D8-98-spons%26sp_csd%3Dd2lkZ2V0TmFtZT1zcF9hdGZfbmV4dA%26psc%3D1,EUME Tourismo 36L Laptop Backpack Bag with 2 Large Compartment for Work Office & Business Travel for Men & Women | Water Resistance | Fit Up to 16 Inch Laptop,"2,499",7,4.4 out of 5 stars
amazon.in/PAZZO-Alto-40L-Casual-Backpack/dp/B07VT3F795/ref=sr_1_99?crid=2M096C61O4MLT&keywords=bags&qid=1690096461&sprefix=ba%2Caps%2C283&sr=8-99,"PAZZO Alto 40L Casual Backpack - 3 Compartment Travel Backpack, College|School Bag with 1 Year Warranty",849,"1,767",4.0 out of 5 stars
amazon.in/Asus-BP1504-15-6-inch-Laptop-Backpack/dp/B0895ZZHKK/ref=sr_1_100?crid=2M096C61O4MLT&keywords=bags&qid=1690096461&sprefix=ba%2Caps%2C283&sr=8-100,Asus BP1504 39.62 cm (15.6-inch) Laptop Backpack (Dark Grey),819,"1,692",4.2 out of 5 stars
amazon.in/Hammonds-Flycatcher-Leather-Messenger-LB190BRN/dp/B083M1QK32/ref=sr_1_101?crid=2M096C61O4MLT&keywords=bags&qid=1690096461&sprefix=ba%2Caps%2C283&sr=8-101,HAMMONDS FLYCATCHER Laptop Bag for Men - Genuine Leather Messenger Shoulder Bag - Fits 14/15.6/16 Inch Laptops - Brown Office Bag - Multiple Pockets -Water Resistant -Executive Bag for Work and Travel,"5,255",571,4.4 out of 5 stars
amazon.in/Gear-Colorado-Orange-Laptop-Backpack/dp/B097K6KD7W/ref=sr_1_102?crid=2M096C61O4MLT&keywords=bags&qid=1690096461&sprefix=ba%2Caps%2C283&sr=8-102,F Gear Colorado Grey Orange 39 Ltrs Laptop Backpack (3814),895,207,4.2 out of 5 stars
amazon.in/DZert-Fabric-Multicolour-Spiderman-Printed/dp/B07BNS3KNX/ref=sr_1_103?crid=2M096C61O4MLT&keywords=bags&qid=1690096461&sprefix=ba%2Caps%2C283&sr=8-103,DZert Kids School Bag Soft Plush Backpacks Cartoon Boys Girls Baby (2-5 Years),249,"12,607",3.8 out of 5 stars
amazon.in/Shoulder-Crossbody-Shockproof-Compartment-k00063-Black/dp/B09HV9QYFB/ref=sr_1_104?crid=2M096C61O4MLT&keywords=bags&qid=1690096461&sprefix=ba%2Caps%2C283&sr=8-104,"Arctic Hunter Mens Sling Bag,Mens Shoulder Bag,Crossbody Bag for Men,Chest Bag,Daypack,Shockproof Compartment for iPad,Suitable for College,Outdoor Travels and Business Daily Use For Men, Black","1,399",513,4.4 out of 5 stars
amazon.in/Glowic-Hopping-Shoulder-Handbags-WBAG-34/dp/B09HHNZ47K/ref=sr_1_105?crid=2M096C61O4MLT&keywords=bags&qid=1690096461&sprefix=ba%2Caps%2C283&sr=8-105,"Glowic Hopping Grocery, Travel, Beach | Shoulder Handbags Women, College Bags for Girls Stylish Trendy(WBAG-34) (Multi Colour)",459,432,3.7 out of 5 stars
amazon.in/AmazonBasics-Casual-Backpack-Office-15-6-inch/dp/B09W4VMZ79/ref=sr_1_106?crid=2M096C61O4MLT&keywords=bags&qid=1690096461&sprefix=ba%2Caps%2C283&sr=8-106,AmazonBasics - Casual Backpack/Office Bag/ for a 15.6-inch Laptop,699,644,4.2 out of 5 stars
amazon.in/sspa/click?ie=UTF8&spc=MTo4NDUxNTkxMTAxMDIwNTIzOjE2OTAwOTY0NjE6c3BfbXRmOjMwMDAxMTE2NjgzODczMjo6MDo6&url=%2FSafari-SAGE18FBBLK-Sage-Formal-Backpack%2Fdp%2FB097JLZBK3%2Fref%3Dsr_1_107_sspa%3Fcrid%3D2M096C61O4MLT%26keywords%3Dbags%26qid%3D1690096461%26sprefix%3Dba%252Caps%252C283%26sr%3D8-107-spons%26sp_csd%3Dd2lkZ2V0TmFtZT1zcF9tdGY%26psc%3D1,Sage Formal Backpack - black,"3,499",2,5.0 out of 5 stars
amazon.in/sspa/click?ie=UTF8&spc=MTo4NDUxNTkxMTAxMDIwNTIzOjE2OTAwOTY0NjE6c3BfbXRmOjMwMDAwNjgyMjEyNjYzMjo6MDo6&url=%2FWALKENT-Premium-Support-Pockets-Elprine%2Fdp%2FB0C7KP65DP%2Fref%3Dsr_1_108_sspa%3Fcrid%3D2M096C61O4MLT%26keywords%3Dbags%26qid%3D1690096461%26sprefix%3Dba%252Caps%252C283%26sr%3D8-108-spons%26sp_csd%3Dd2lkZ2V0TmFtZT1zcF9tdGY%26psc%3D1,"WALKENT Waterproof Laptop Bag for Men with Side Bottle Pockets, Cushioned Straps & More P2","4,990",,
amazon.in/Half-Moon-Resistant-Backpack-Compartment/dp/B09GG53CSL/ref=sr_1_109?crid=2M096C61O4MLT&keywords=bags&qid=1690096461&sprefix=ba%2Caps%2C283&sr=8-109,Half Moon 34 L Water Resistant 15.6 inch Laptop Bag/Backpack for Men Women Boys Girls/Office School College with Padded Laptop Compartment (Grey),699,"1,339",3.9 out of 5 stars
amazon.in/ZOUK-Womens-Office-Bag-Multicolour/dp/B09DF2NPCS/ref=sr_1_110?crid=2M096C61O4MLT&keywords=bags&qid=1690096461&sprefix=ba%2Caps%2C283&sr=8-110,ZOUK Mughal Art Printed Handmade Vegan Leather Women's Office Bag for 15.6 inch Laptop with Double Handles,"1,689",105,4.2 out of 5 stars
amazon.in/ADISA-Laptop-Backpack-Office-College/dp/B0BPTV3795/ref=sr_1_111?crid=2M096C61O4MLT&keywords=bags&qid=1690096461&sprefix=ba%2Caps%2C283&sr=8-111,ADISA 32L Large Laptop Backpack Office Bag College Travel Back Pack with rain Cover (Black),646,261,3.8 out of 5 stars
amazon.in/NORTH-ZONE-Northzone-Business-Messenger/dp/B0C555LQF4/ref=sr_1_112?crid=2M096C61O4MLT&keywords=bags&qid=1690096461&sprefix=ba%2Caps%2C283&sr=8-112,NORTH ZONE Northzone Sling Cross Body Travel Office Business Messenger One Side Shoulder Pouch Bag Money Bag for Men and Women,249,36,3.9 out of 5 stars
amazon.in/Lunars-Bingo-Laptop-Resistant-48L/dp/B08YZ5XY31/ref=sr_1_113?crid=2M096C61O4MLT&keywords=bags&qid=1690096461&sprefix=ba%2Caps%2C283&sr=8-113,Lunar's Bingo - 48 L Laptop Office/School/Travel/Business Backpack Water Resistant - Fits Up to 15.6 Inch Laptop Notebook with 1 Year Warranty,899,"9,890",3.9 out of 5 stars
amazon.in/TRUE-EMPEROR-charging-college-CAPTAIN/dp/B0C6HZDWRQ/ref=sr_1_114?crid=2M096C61O4MLT&keywords=bags&qid=1690096461&sprefix=ba%2Caps%2C283&sr=8-114,"TRUE HUMAN® EMPEROR 15.6 inch laptop bag with USB charging port Laptop bag,office bag, college bags anti theft (CAPTAIN)",649,5,3.8 out of 5 stars
amazon.in/SPENZ-BAGS-Backpack-Raincover-Baby-Pink/dp/B0C3RNFHHV/ref=sr_1_115?crid=2M096C61O4MLT&keywords=bags&qid=1690096461&sprefix=ba%2Caps%2C283&sr=8-115,"SPENZ BAGS Travel Laptop Backpack for Women & Men|Carry On Bag, College & School Students Bookbag With Raincover",999,120,4.2 out of 5 stars
amazon.in/Half-Moon-Waterproof-Backpack-Students/dp/B0BR149RMT/ref=sr_1_116?crid=2M096C61O4MLT&keywords=bags&qid=1690096461&sprefix=ba%2Caps%2C283&sr=8-116,Half Moon 35 L Casual Waterproof Laptop Bag/Backpack for Men Women Boys Girls/Office School College Teens & Students with Rain Cover (18 Inch) (Sky Blue),699,87,3.6 out of 5 stars
amazon.in/sspa/click?ie=UTF8&spc=MTo4NDUxNTkxMTAxMDIwNTIzOjE2OTAwOTY0NjE6c3BfYnRmOjIwMDQzMzIxMTM2NjA2OjowOjo&url=%2FCOSMUS-Multipurpose-Backpack-Bag-compartment%2Fdp%2FB078JVT384%2Fref%3Dsr_1_117_sspa%3Fcrid%3D2M096C61O4MLT%26keywords%3Dbags%26qid%3D1690096461%26sprefix%3Dba%252Caps%252C283%26sr%3D8-117-spons%26sp_csd%3Dd2lkZ2V0TmFtZT1zcF9idGY%26psc%3D1,"COSMUS Madison waterproof Multipurpose Backpack With laptop compartment , 33L","1,375","2,268",4.2 out of 5 stars
amazon.in/sspa/click?ie=UTF8&spc=MTo4NDUxNTkxMTAxMDIwNTIzOjE2OTAwOTY0NjE6c3BfYnRmOjMwMDAxNDU5NDAwMTYzMjo6MDo6&url=%2FElegant-Leatherette-Waterproof-Backpack-Business%2Fdp%2FB0C4GVK22X%2Fref%3Dsr_1_118_sspa%3Fcrid%3D2M096C61O4MLT%26keywords%3Dbags%26qid%3D1690096461%26sprefix%3Dba%252Caps%252C283%26sr%3D8-118-spons%26sp_csd%3Dd2lkZ2V0TmFtZT1zcF9idGY%26psc%3D1,Elegant 16 inch 28 L Casual Waterproof Laptop Backpack/Office Bag/School Bag/College Bag/Business Bag/Unisex Travel Backpack,799,5,5.0 out of 5 stars
amazon.in/sspa/click?ie=UTF8&spc=MTozMjMzMDQ5NTY4MTkzODA1OjE2OTAwOTY4MjU6c3BfYXRmX25leHQ6MjAxMjQzMTEwMjQ4OTg6OjA6Og&url=%2Fuppercase-Backpack-2300EBP1-resistant-sustainable%2Fdp%2FB0BWNCV31F%2Fref%3Dsr_1_161_sspa%3Fcrid%3D2M096C61O4MLT%26keywords%3Dbags%26qid%3D1690096825%26sprefix%3Dba%252Caps%252C283%26sr%3D8-161-spons%26sp_csd%3Dd2lkZ2V0TmFtZT1zcF9hdGZfbmV4dA%26psc%3D1,"uppercase Medium 17 Ltrs Vegan Leather (upto 14 inch) Laptop Backpack 2300EBP1 3x more water resistant sustainable bags with rain proof zippers for Men, Women, Boys and Girls, 750 Days warranty","1,600",504,4.1 out of 5 stars
amazon.in/sspa/click?ie=UTF8&spc=MTozMjMzMDQ5NTY4MTkzODA1OjE2OTAwOTY4MjU6c3BfYXRmX25leHQ6MjAxNTM1NTI3NDI3OTg6OjA6Og&url=%2FWALKENT-Bagpack-Waterproof-Function-Pockets%2Fdp%2FB09BVWXBFG%2Fref%3Dsr_1_162_sspa%3Fcrid%3D2M096C61O4MLT%26keywords%3Dbags%26qid%3D1690096825%26sprefix%3Dba%252Caps%252C283%26sr%3D8-162-spons%26sp_csd%3Dd2lkZ2V0TmFtZT1zcF9hdGZfbmV4dA%26psc%3D1,"ARCTIC HUNTER 15.6"" Laptop Bag (Model Aura) Two Side Bottle Pocket, Waterproof, Multi-Function Pockets for Office College Men Women","3,369",69,4.3 out of 5 stars
amazon.in/ADISA-Womens-Girls-Party-Crossbody/dp/B0B2WBJ2H8/ref=sr_1_163?crid=2M096C61O4MLT&keywords=bags&qid=1690096825&sprefix=ba%2Caps%2C283&sr=8-163,ADISA Women's Girls Party Sling Bag Crossbody,378,569,4.0 out of 5 stars
amazon.in/OMRON-BAGS-Backpack-Black-New/dp/B0BLJZGTMZ/ref=sr_1_164?crid=2M096C61O4MLT&keywords=bags&qid=1690096825&sprefix=ba%2Caps%2C283&sr=8-164,OMRON BAGS Large 40 L Laptop Backpack For Men and Women,725,3,5.0 out of 5 stars
amazon.in/Storite-Army-Print-Sling-GreenGrey/dp/B09KNMWWPH/ref=sr_1_165?crid=2M096C61O4MLT&keywords=bags&qid=1690096825&sprefix=ba%2Caps%2C283&sr=8-165,"Storite Small Size Army Print Padded Nylon Cross Body Sling bag Office Travel One Side Bag for Men Women (25x19x7cm, GreenGrey)",395,478,4.1 out of 5 stars
amazon.in/Tabelito-NEO-Backpack-Business-Compartment/dp/B0C2D2Q52R/ref=sr_1_166?crid=2M096C61O4MLT&keywords=bags&qid=1690096825&sprefix=ba%2Caps%2C283&sr=8-166,"Tabelito® NEO 3O L Water Resistant Laptop/College/Office/School/Travel/Business Bag, Unisex Backpack for Men Women Fits Up to 15.6 Inch Laptop Notebook.",399,103,3.9 out of 5 stars
amazon.in/ADISA-Laptop-Backpack-Office-College/dp/B0BXQZ6Q85/ref=sr_1_167?crid=2M096C61O4MLT&keywords=bags&qid=1690096825&sprefix=ba%2Caps%2C283&sr=8-167,ADISA Large Laptop Backpack Office Bag College Travel Back Pack with USB (Black),599,80,3.8 out of 5 stars
amazon.in/POLESTAR-Casual-bagpack-School-Backpack/dp/B07PQQ8M7B/ref=sr_1_168?crid=2M096C61O4MLT&keywords=bags&qid=1690096825&sprefix=ba%2Caps%2C283&sr=8-168,"POLESTAR Noble 32 L Bag for College, School, Office, Casual Multipurpose Backpack with 15.6"" Laptop Compartment, Water Resistant, Unisex Design, Stylish & Durable, 1 Year Warranty",579,"17,691",3.9 out of 5 stars
amazon.in/Wildcraft-Polyester-Black-Laptop-8903338054290/dp/B012D4QKHW/ref=sr_1_169?crid=2M096C61O4MLT&keywords=bags&qid=1690096825&sprefix=ba%2Caps%2C283&sr=8-169,Wildcraft 44 cms Polyester Black Laptop Bag (8903338054290),"1,448",672,4.3 out of 5 stars
amazon.in/COSMUS-Polyester-Navy-Laptop-Backpack/dp/B01FVQLLU0/ref=sr_1_170?crid=2M096C61O4MLT&keywords=bags&qid=1690096825&sprefix=ba%2Caps%2C283&sr=8-170,COSMUS Darwin Navy Blue Laptop Backpack for (15.6 inch),"1,333","10,026",4.3 out of 5 stars
amazon.in/sspa/click?ie=UTF8&spc=MTozMjMzMDQ5NTY4MTkzODA1OjE2OTAwOTY4MjU6c3BfbXRmOjMwMDAxNjU3OTcyMTYzMjo6MDo6&url=%2FTriPole-Tusker-Roller-Top-Backpack%2Fdp%2FB0CBTNP74W%2Fref%3Dsr_1_171_sspa%3Fcrid%3D2M096C61O4MLT%26keywords%3Dbags%26qid%3D1690096825%26sprefix%3Dba%252Caps%252C283%26sr%3D8-171-spons%26sp_csd%3Dd2lkZ2V0TmFtZT1zcF9tdGY%26psc%3D1,TriPole Tusker Roller Top Laptop Backpack,"1,299",,
amazon.in/sspa/click?ie=UTF8&spc=MTozMjMzMDQ5NTY4MTkzODA1OjE2OTAwOTY4MjU6c3BfbXRmOjMwMDAxOTU1MTUzNDUzMjo6MDo6&url=%2FCarbonado-X24-Motocross-Travelling-Adventure%2Fdp%2FB0CB8WWF3D%2Fref%3Dsr_1_172_sspa%3Fcrid%3D2M096C61O4MLT%26keywords%3Dbags%26qid%3D1690096825%26sprefix%3Dba%252Caps%252C283%26sr%3D8-172-spons%26sp_csd%3Dd2lkZ2V0TmFtZT1zcF9tdGY%26psc%3D1,"Carbonado X24 - Motocross, Biking, Cycling, Marathon running, Travelling,Adventure Backpack with Hydration pack support - Holds laptop upto 15inch (Slate Grey)","4,950",1,4.0 out of 5 stars
amazon.in/GOCART-LOGO-Backpack-Briefcase-Convertible/dp/B0822H451W/ref=sr_1_173?crid=2M096C61O4MLT&keywords=bags&qid=1690096825&sprefix=ba%2Caps%2C283&sr=8-173,GOCART WITH G LOGO Laptop Backpack Casual Daypacks Briefcase Convertible Business Travel Rucksack with USB Charging Port Large College School Bookbag Computer Laptop Bag,"1,399","1,452",3.8 out of 5 stars
amazon.in/AmazonBasics-Casual-Backpack-Office-15-6-inch/dp/B09W4VMZ79/ref=sr_1_174?crid=2M096C61O4MLT&keywords=bags&qid=1690096825&sprefix=ba%2Caps%2C283&sr=8-174,AmazonBasics - Casual Backpack/Office Bag/ for a 15.6-inch Laptop,699,644,4.2 out of 5 stars
amazon.in/Lavie-Ushawu-Womens-Satchel-Mint/dp/B07T9GB7RN/ref=sr_1_175?crid=2M096C61O4MLT&keywords=bags&qid=1690096825&sprefix=ba%2Caps%2C283&sr=8-175,Lavie Women's Ushawu Satchel Bag | Ladies Purse Handbag,"1,350","6,814",4.1 out of 5 stars
amazon.in/uppercase-Backpack-2300EBP1-repellent-sustainable/dp/B0B69M182Q/ref=sr_1_176?crid=2M096C61O4MLT&keywords=bags&qid=1690096825&sprefix=ba%2Caps%2C283&sr=8-176,"uppercase Medium 17 Ltrs Vegan Leather (upto 14 inch) Laptop Backpack 2300EBP1 3x more water resistant sustainable bags with rain proof zippers for Men, Women, Boys and Girls, 750 Days warranty","1,600",504,4.1 out of 5 stars
amazon.in/Half-Moon-Backpack-Spacious-Multiple/dp/B0C241FLW2/ref=sr_1_177?crid=2M096C61O4MLT&keywords=bags&qid=1690096825&sprefix=ba%2Caps%2C283&sr=8-177,Half Moon Aztec 37L School Bag Class 5-12 | College Bagpack for Men/College Back pack for Women | 15.6 inch Laptop Bag for Men/Backpack for Men | Spacious & Multiple Pockets,649,148,3.7 out of 5 stars
amazon.in/Impulse-Impbee-Backpack-Business-Resistant/dp/B0C1CSS81H/ref=sr_1_178?crid=2M096C61O4MLT&keywords=bags&qid=1690096825&sprefix=ba%2Caps%2C283&sr=8-178,Impulse Impbee 45L Laptop Backpack/Office Bag/School Bag/College Bag/Business Bag/Travel Backpack Water Resistant Fits Up to 16 Inch Laptop with Rain Cover & 1 Year Warranty,881,6,4.0 out of 5 stars
amazon.in/London-Stylish-Passport-Adjustable-246_Black/dp/B07ZFT873B/ref=sr_1_179?crid=2M096C61O4MLT&keywords=bags&qid=1690096825&sprefix=ba%2Caps%2C283&sr=8-179,K London Stylish Real Leather Black Waist Bag Elegant Style Travel Pouch Passport Holder with Adjustable Strap(246_Black),335,"2,372",4.2 out of 5 stars
amazon.in/ADISA-Laptop-Backpack-Office-College/dp/B0BVRJYD9Q/ref=sr_1_180?crid=2M096C61O4MLT&keywords=bags&qid=1690096825&sprefix=ba%2Caps%2C283&sr=8-180,ADISA 32L Large Laptop Backpack Office Bag College Travel Back Pack with rain Cover (Navy),699,43,3.8 out of 5 stars
amazon.in/sspa/click?ie=UTF8&spc=MTozMjMzMDQ5NTY4MTkzODA1OjE2OTAwOTY4MjU6c3BfYnRmOjMwMDAxMzUxNjQyNzEzMjo6MDo6&url=%2FBACDA-Backpack-Business-Notebook-Black-01%2Fdp%2FB0BMVRVSG6%2Fref%3Dsr_1_181_sspa%3Fcrid%3D2M096C61O4MLT%26keywords%3Dbags%26qid%3D1690096825%26sprefix%3Dba%252Caps%252C283%26sr%3D8-181-spons%26sp_csd%3Dd2lkZ2V0TmFtZT1zcF9idGY%26psc%3D1,BACDA Laptop Backpack Laptop Bags Casual 38L Office School Travel Business Bag Backpack for Men Women Boys Girls Fits 15.6 Inch Laptop and Notebook (1017) (Black-01),989,19,4.3 out of 5 stars
amazon.in/sspa/click?ie=UTF8&spc=MTozMjMzMDQ5NTY4MTkzODA1OjE2OTAwOTY4MjU6c3BfYnRmOjMwMDAyMDg2ODU3OTczMjo6MDo6&url=%2FStylish-Waterproof-Backpack-Students-adjustable%2Fdp%2FB0CBMDRX3W%2Fref%3Dsr_1_182_sspa%3Fcrid%3D2M096C61O4MLT%26keywords%3Dbags%26qid%3D1690096825%26sprefix%3Dba%252Caps%252C283%26sr%3D8-182-spons%26sp_csd%3Dd2lkZ2V0TmFtZT1zcF9idGY%26psc%3D1,"Stylish Waterproof Laptop Bag | Backpack | for Office | School | College |Teens & Students| Travel | For Girls And Boys, Mens And Womens With adjustable Strap With Rain Cover",999,,
amazon.in/sspa/click?ie=UTF8&spc=MTo4MzEzNzk1NzE1NzY1NjM6MTY5MDA5Njg5MTpzcF9hdGZfbmV4dDozMDAwMTMzNDI5ODM4MzI6OjA6Og&url=%2FPolice-Polyester-laptop-casual-backpack%2Fdp%2FB09CQ5T3LN%2Fref%3Dsr_1_177_sspa%3Fcrid%3D2M096C61O4MLT%26keywords%3Dbags%26qid%3D1690096891%26sprefix%3Dba%252Caps%252C283%26sr%3D8-177-spons%26sp_csd%3Dd2lkZ2V0TmFtZT1zcF9hdGZfbmV4dA%26psc%3D1,POLICE Backpack for Men Casual Laptop Bag Office/Travel/College 30 Ltr Hedge Polyester - Black,"1,399","5,731",4.1 out of 5 stars
amazon.in/sspa/click?ie=UTF8&spc=MTo4MzEzNzk1NzE1NzY1NjM6MTY5MDA5Njg5MTpzcF9hdGZfbmV4dDozMDAwMTExNjY4Mzg3MzI6OjA6Og&url=%2FSafari-SAGE18FBBLK-Sage-Formal-Backpack%2Fdp%2FB097JLZBK3%2Fref%3Dsr_1_178_sspa%3Fcrid%3D2M096C61O4MLT%26keywords%3Dbags%26qid%3D1690096891%26sprefix%3Dba%252Caps%252C283%26sr%3D8-178-spons%26sp_csd%3Dd2lkZ2V0TmFtZT1zcF9hdGZfbmV4dA%26psc%3D1,Sage Formal Backpack - black,"3,499",2,5.0 out of 5 stars
amazon.in/Red-Lemon-Capacity-Backpack-Multifunctional/dp/B09RK4BRPM/ref=sr_1_179?crid=2M096C61O4MLT&keywords=bags&qid=1690096891&sprefix=ba%2Caps%2C283&sr=8-179,"Red Lemon Swiss Cut Design 15.6 Inch Smart Laptop Backpack Bag With USB Charging Port, Anti Theft Pocket and Accessories Organiser for Men Women Boys Girls","1,799","1,053",4.4 out of 5 stars
amazon.in/PUMA-Limoges-Laptop-Backpack-7548709/dp/B07D5QZ76G/ref=sr_1_180?crid=2M096C61O4MLT&keywords=bags&qid=1690096891&sprefix=ba%2Caps%2C283&sr=8-180,"Puma Laptop Backpack (7548709, Limoges, 22 Ltrs)",999,788,4.3 out of 5 stars
amazon.in/uppercase-Professional-resistant-sustainable-Anti-theft/dp/B0BR1C59R8/ref=sr_1_181?crid=2M096C61O4MLT&keywords=bags&qid=1690096891&sprefix=ba%2Caps%2C283&sr=8-181,"uppercase SealPro Professional Laptop Backpack (15.6 Inch) 3x more water resistant sustainable bags with rain proof zippers & Anti-theft for Men, Women, Boys and Girls, 750 Days warranty","1,900",68,4.6 out of 5 stars
amazon.in/DZert-School-Polyester-Backpack-White/dp/B07GXYHFCY/ref=sr_1_182?crid=2M096C61O4MLT&keywords=bags&qid=1690096891&sprefix=ba%2Caps%2C283&sr=8-182,DZert Clasy Laptop Bag College Bag for Boys Girls 21 L Blue White,339,"2,495",3.8 out of 5 stars
amazon.in/Fast-Travel-partition-Collage-Backpack/dp/B09VCQWRC4/ref=sr_1_183?crid=2M096C61O4MLT&keywords=bags&qid=1690096891&sprefix=ba%2Caps%2C283&sr=8-183,"Fast Travel 45 Ltrs, 46 cms School Bag Class 5-12 Large 4 partition Laptop Collage Office Travel Backpack Unisex",692,945,4.1 out of 5 stars
amazon.in/Lavie-Sport-Chairman-Compatible-compartments/dp/B09YCSCRBW/ref=sr_1_184?crid=2M096C61O4MLT&keywords=bags&qid=1690096891&sprefix=ba%2Caps%2C283&sr=8-184,Lavie Sport Chairman Backpack with Laptop Sleeve | Premium Leatherette Business Backpack for Men & Women | Durable Office Bag for Notebook/MacBook,849,"1,246",4.0 out of 5 stars
amazon.in/F-Gear-Enzo-Waist-Bag-Enzo-Spruce-Yellow/dp/B08QM71P12/ref=sr_1_185?crid=2M096C61O4MLT&keywords=bags&qid=1690096891&sprefix=ba%2Caps%2C283&sr=8-185,F Gear Enzo Sports Waist Bag (Enzo Spruce Yellow),265,201,4.2 out of 5 stars
amazon.in/Vivinkaa-Womens-Sling-Bag-Blue/dp/B077WSKG53/ref=sr_1_186?crid=2M096C61O4MLT&keywords=bags&qid=1690096891&sprefix=ba%2Caps%2C283&sr=8-186,"Vivinkaa Sling Bag for Women, Bags for Women, Sling Bag, Purse for Women, Sling Bag for Women Stylish, Sling Bag for Girls, Women Sling Bag, Bag for Girls - Indigo",549,"1,963",3.8 out of 5 stars
amazon.in/sspa/click?ie=UTF8&spc=MTo4MzEzNzk1NzE1NzY1NjM6MTY5MDA5Njg5MTpzcF9tdGY6MjAxNjcxNTQ5ODEyOTg6OjA6Og&url=%2FEUME-Tourismo-Backpack-Resistance-15-6-inch%2Fdp%2FB0B4JQSMD5%2Fref%3Dsr_1_187_sspa%3Fcrid%3D2M096C61O4MLT%26keywords%3Dbags%26qid%3D1690096891%26sprefix%3Dba%252Caps%252C283%26sr%3D8-187-spons%26sp_csd%3Dd2lkZ2V0TmFtZT1zcF9tdGY%26psc%3D1,EUME Tourismo 36L Laptop Backpack Bag with 2 Large Compartment for Work Office & Business Travel for Men & Women | Water Resistance | Fit Up to 16 Inch Laptop,"2,499",7,4.4 out of 5 stars
amazon.in/sspa/click?ie=UTF8&spc=MTo4MzEzNzk1NzE1NzY1NjM6MTY5MDA5Njg5MTpzcF9tdGY6MzAwMDAxNzMxNjM5NzMyOjowOjo&url=%2FWALKENT-Anti-Theft-Expandable-Combination-Secure%2Fdp%2FB0C6GJMR72%2Fref%3Dsr_1_188_sspa%3Fcrid%3D2M096C61O4MLT%26keywords%3Dbags%26qid%3D1690096891%26sprefix%3Dba%252Caps%252C283%26sr%3D8-188-spons%26sp_csd%3Dd2lkZ2V0TmFtZT1zcF9tdGY%26psc%3D1,"WALKENT ARCTIC HUNTER Anti-Theft, Hard Top 15.6"" Expandable Laptop Bag with Built-in Combination Lock, Scratch & Water Resistant for Office, College, Men, Women (Model Secure)","3,890",,
amazon.in/Nivia-5183NB-Gym-Navy-Blue/dp/B07NJGW3WX/ref=sr_1_189?crid=2M096C61O4MLT&keywords=bags&qid=1690096891&sprefix=ba%2Caps%2C283&sr=8-189,NIVIA Beast Gym Bag-4 Polyester/Unisex Gym Bags/Shoulder Bag for Men & Women with Separate Shoes Compartment/Carry Gym Accessories/Fitness Bag/Sports & Travel Bag/Sports Kit (Navy Blue),509,110,3.9 out of 5 stars
amazon.in/Lunars-Heritage-Casual-Bagpack-College/dp/B08CBJDBH4/ref=sr_1_190?crid=2M096C61O4MLT&keywords=bags&qid=1690096891&sprefix=ba%2Caps%2C283&sr=8-190,Lunar's Heritage 37L Casual Water Resistant 3 Compartment Travel Bagpack/College Backpack/School Bag (Black),799,874,4.0 out of 5 stars
amazon.in/Backpack-Business-Scratch-resistant-Multiple-Comfortable/dp/B0B6FNPN76/ref=sr_1_191?crid=2M096C61O4MLT&keywords=bags&qid=1690096891&sprefix=ba%2Caps%2C283&sr=8-191,Arctic Hunter Backpack for Men Premium Business Backpack Office Travel Laptop Bag with 15.6 Inch Laptop Pocket Water/Scratch-resistant Multiple Pocket Comfortable and Padded Backpack for Men,"5,999",150,4.4 out of 5 stars
amazon.in/ADISA-SL5038-women-girls-sling/dp/B08Q4FHQLN/ref=sr_1_192?crid=2M096C61O4MLT&keywords=bags&qid=1690096891&sprefix=ba%2Caps%2C283&sr=8-192,ADISA SL5038 women girls sling bag,564,"1,191",4.1 out of 5 stars
amazon.in/Tabelito-NEXA-Backpack-Business-Compartment/dp/B0C2D4T9R5/ref=sr_1_193?crid=2M096C61O4MLT&keywords=bags&qid=1690096891&sprefix=ba%2Caps%2C283&sr=8-193,"Tabelito® NEXA 3O L Water Resistant Laptop/College/Office/School/Travel/Business Bag, Unisex Backpack for Men Women Fits Up to 15.6 Inch Laptop Notebook. (GREY)",399,75,4.2 out of 5 stars
amazon.in/AUXTER-BLACKY-Duffel-Emboss-Black/dp/B07F2H25NP/ref=sr_1_194?crid=2M096C61O4MLT&keywords=bags&qid=1690096891&sprefix=ba%2Caps%2C283&sr=8-194,AUXTER Faux Leather 23 Cms Duffle Bag(AUX_GB_LE_Black -SE__0521_Black),429,"9,247",4.3 out of 5 stars
amazon.in/Skybags-Unisex-Yellow-Fabric-Backpacks/dp/B0B21XM4KX/ref=sr_1_195?crid=2M096C61O4MLT&keywords=bags&qid=1690096891&sprefix=ba%2Caps%2C283&sr=8-195,Skybags Unisex Gucci Fabric Backpacks,584,268,4.2 out of 5 stars
amazon.in/Half-Moon-Waterproof-Backpack-Students/dp/B0BR149RMT/ref=sr_1_196?crid=2M096C61O4MLT&keywords=bags&qid=1690096891&sprefix=ba%2Caps%2C283&sr=8-196,Half Moon 35 L Casual Waterproof Laptop Bag/Backpack for Men Women Boys Girls/Office School College Teens & Students with Rain Cover (18 Inch) (Sky Blue),699,87,3.6 out of 5 stars
amazon.in/sspa/click?ie=UTF8&spc=MTo4MzEzNzk1NzE1NzY1NjM6MTY5MDA5Njg5MTpzcF9idGY6MzAwMDA2ODIyMTI2NjMyOjowOjo&url=%2FWALKENT-Premium-Support-Pockets-Elprine%2Fdp%2FB0C7KP65DP%2Fref%3Dsr_1_197_sspa%3Fcrid%3D2M096C61O4MLT%26keywords%3Dbags%26qid%3D1690096891%26sprefix%3Dba%252Caps%252C283%26sr%3D8-197-spons%26sp_csd%3Dd2lkZ2V0TmFtZT1zcF9idGY%26psc%3D1,"WALKENT Waterproof Laptop Bag for Men with Side Bottle Pockets, Cushioned Straps & More P2","4,990",,
amazon.in/sspa/click?ie=UTF8&spc=MTo4MzEzNzk1NzE1NzY1NjM6MTY5MDA5Njg5MTpzcF9idGY6MzAwMDE0NTk0MDAxNjMyOjowOjo&url=%2FElegant-Leatherette-Waterproof-Backpack-Business%2Fdp%2FB0C4GVK22X%2Fref%3Dsr_1_198_sspa%3Fcrid%3D2M096C61O4MLT%26keywords%3Dbags%26qid%3D1690096891%26sprefix%3Dba%252Caps%252C283%26sr%3D8-198-spons%26sp_csd%3Dd2lkZ2V0TmFtZT1zcF9idGY%26psc%3D1,Elegant 16 inch 28 L Casual Waterproof Laptop Backpack/Office Bag/School Bag/College Bag/Business Bag/Unisex Travel Backpack,799,5,5.0 out of 5 stars
amazon.in/sspa/click?ie=UTF8&spc=MTo4MzEzNzk1NzE1NzY1NjM6MTY5MDA5Njg5MTpzcF9hdGZfbmV4dDozMDAwMTMzNDI5ODM4MzI6OjA6Og&url=%2FPolice-Polyester-laptop-casual-backpack%2Fdp%2FB09CQ5T3LN%2Fref%3Dsr_1_177_sspa%3Fcrid%3D2M096C61O4MLT%26keywords%3Dbags%26qid%3D1690096891%26sprefix%3Dba%252Caps%252C283%26sr%3D8-177-spons%26sp_csd%3Dd2lkZ2V0TmFtZT1zcF9hdGZfbmV4dA%26psc%3D1,POLICE Backpack for Men Casual Laptop Bag Office/Travel/College 30 Ltr Hedge Polyester - Black,"1,399","5,731",4.1 out of 5 stars
amazon.in/sspa/click?ie=UTF8&spc=MTo4MzEzNzk1NzE1NzY1NjM6MTY5MDA5Njg5MTpzcF9hdGZfbmV4dDozMDAwMTExNjY4Mzg3MzI6OjA6Og&url=%2FSafari-SAGE18FBBLK-Sage-Formal-Backpack%2Fdp%2FB097JLZBK3%2Fref%3Dsr_1_178_sspa%3Fcrid%3D2M096C61O4MLT%26keywords%3Dbags%26qid%3D1690096891%26sprefix%3Dba%252Caps%252C283%26sr%3D8-178-spons%26sp_csd%3Dd2lkZ2V0TmFtZT1zcF9hdGZfbmV4dA%26psc%3D1,Sage Formal Backpack - black,"3,499",2,5.0 out of 5 stars
amazon.in/Red-Lemon-Capacity-Backpack-Multifunctional/dp/B09RK4BRPM/ref=sr_1_179?crid=2M096C61O4MLT&keywords=bags&qid=1690096891&sprefix=ba%2Caps%2C283&sr=8-179,"Red Lemon Swiss Cut Design 15.6 Inch Smart Laptop Backpack Bag With USB Charging Port, Anti Theft Pocket and Accessories Organiser for Men Women Boys Girls","1,799","1,053",4.4 out of 5 stars
amazon.in/PUMA-Limoges-Laptop-Backpack-7548709/dp/B07D5QZ76G/ref=sr_1_180?crid=2M096C61O4MLT&keywords=bags&qid=1690096891&sprefix=ba%2Caps%2C283&sr=8-180,"Puma Laptop Backpack (7548709, Limoges, 22 Ltrs)",999,788,4.3 out of 5 stars
amazon.in/uppercase-Professional-resistant-sustainable-Anti-theft/dp/B0BR1C59R8/ref=sr_1_181?crid=2M096C61O4MLT&keywords=bags&qid=1690096891&sprefix=ba%2Caps%2C283&sr=8-181,"uppercase SealPro Professional Laptop Backpack (15.6 Inch) 3x more water resistant sustainable bags with rain proof zippers & Anti-theft for Men, Women, Boys and Girls, 750 Days warranty","1,900",68,4.6 out of 5 stars
amazon.in/DZert-School-Polyester-Backpack-White/dp/B07GXYHFCY/ref=sr_1_182?crid=2M096C61O4MLT&keywords=bags&qid=1690096891&sprefix=ba%2Caps%2C283&sr=8-182,DZert Clasy Laptop Bag College Bag for Boys Girls 21 L Blue White,339,"2,495",3.8 out of 5 stars
amazon.in/Fast-Travel-partition-Collage-Backpack/dp/B09VCQWRC4/ref=sr_1_183?crid=2M096C61O4MLT&keywords=bags&qid=1690096891&sprefix=ba%2Caps%2C283&sr=8-183,"Fast Travel 45 Ltrs, 46 cms School Bag Class 5-12 Large 4 partition Laptop Collage Office Travel Backpack Unisex",692,945,4.1 out of 5 stars
amazon.in/Lavie-Sport-Chairman-Compatible-compartments/dp/B09YCSCRBW/ref=sr_1_184?crid=2M096C61O4MLT&keywords=bags&qid=1690096891&sprefix=ba%2Caps%2C283&sr=8-184,Lavie Sport Chairman Backpack with Laptop Sleeve | Premium Leatherette Business Backpack for Men & Women | Durable Office Bag for Notebook/MacBook,849,"1,246",4.0 out of 5 stars
amazon.in/F-Gear-Enzo-Waist-Bag-Enzo-Spruce-Yellow/dp/B08QM71P12/ref=sr_1_185?crid=2M096C61O4MLT&keywords=bags&qid=1690096891&sprefix=ba%2Caps%2C283&sr=8-185,F Gear Enzo Sports Waist Bag (Enzo Spruce Yellow),265,201,4.2 out of 5 stars
amazon.in/Vivinkaa-Womens-Sling-Bag-Blue/dp/B077WSKG53/ref=sr_1_186?crid=2M096C61O4MLT&keywords=bags&qid=1690096891&sprefix=ba%2Caps%2C283&sr=8-186,"Vivinkaa Sling Bag for Women, Bags for Women, Sling Bag, Purse for Women, Sling Bag for Women Stylish, Sling Bag for Girls, Women Sling Bag, Bag for Girls - Indigo",549,"1,963",3.8 out of 5 stars
amazon.in/sspa/click?ie=UTF8&spc=MTo4MzEzNzk1NzE1NzY1NjM6MTY5MDA5Njg5MTpzcF9tdGY6MjAxNjcxNTQ5ODEyOTg6OjA6Og&url=%2FEUME-Tourismo-Backpack-Resistance-15-6-inch%2Fdp%2FB0B4JQSMD5%2Fref%3Dsr_1_187_sspa%3Fcrid%3D2M096C61O4MLT%26keywords%3Dbags%26qid%3D1690096891%26sprefix%3Dba%252Caps%252C283%26sr%3D8-187-spons%26sp_csd%3Dd2lkZ2V0TmFtZT1zcF9tdGY%26psc%3D1,EUME Tourismo 36L Laptop Backpack Bag with 2 Large Compartment for Work Office & Business Travel for Men & Women | Water Resistance | Fit Up to 16 Inch Laptop,"2,499",7,4.4 out of 5 stars
amazon.in/sspa/click?ie=UTF8&spc=MTo4MzEzNzk1NzE1NzY1NjM6MTY5MDA5Njg5MTpzcF9tdGY6MzAwMDAxNzMxNjM5NzMyOjowOjo&url=%2FWALKENT-Anti-Theft-Expandable-Combination-Secure%2Fdp%2FB0C6GJMR72%2Fref%3Dsr_1_188_sspa%3Fcrid%3D2M096C61O4MLT%26keywords%3Dbags%26qid%3D1690096891%26sprefix%3Dba%252Caps%252C283%26sr%3D8-188-spons%26sp_csd%3Dd2lkZ2V0TmFtZT1zcF9tdGY%26psc%3D1,"WALKENT ARCTIC HUNTER Anti-Theft, Hard Top 15.6"" Expandable Laptop Bag with Built-in Combination Lock, Scratch & Water Resistant for Office, College, Men, Women (Model Secure)","3,890",,
amazon.in/Nivia-5183NB-Gym-Navy-Blue/dp/B07NJGW3WX/ref=sr_1_189?crid=2M096C61O4MLT&keywords=bags&qid=1690096891&sprefix=ba%2Caps%2C283&sr=8-189,NIVIA Beast Gym Bag-4 Polyester/Unisex Gym Bags/Shoulder Bag for Men & Women with Separate Shoes Compartment/Carry Gym Accessories/Fitness Bag/Sports & Travel Bag/Sports Kit (Navy Blue),509,110,3.9 out of 5 stars
amazon.in/Lunars-Heritage-Casual-Bagpack-College/dp/B08CBJDBH4/ref=sr_1_190?crid=2M096C61O4MLT&keywords=bags&qid=1690096891&sprefix=ba%2Caps%2C283&sr=8-190,Lunar's Heritage 37L Casual Water Resistant 3 Compartment Travel Bagpack/College Backpack/School Bag (Black),799,874,4.0 out of 5 stars
amazon.in/Backpack-Business-Scratch-resistant-Multiple-Comfortable/dp/B0B6FNPN76/ref=sr_1_191?crid=2M096C61O4MLT&keywords=bags&qid=1690096891&sprefix=ba%2Caps%2C283&sr=8-191,Arctic Hunter Backpack for Men Premium Business Backpack Office Travel Laptop Bag with 15.6 Inch Laptop Pocket Water/Scratch-resistant Multiple Pocket Comfortable and Padded Backpack for Men,"5,999",150,4.4 out of 5 stars
amazon.in/ADISA-SL5038-women-girls-sling/dp/B08Q4FHQLN/ref=sr_1_192?crid=2M096C61O4MLT&keywords=bags&qid=1690096891&sprefix=ba%2Caps%2C283&sr=8-192,ADISA SL5038 women girls sling bag,564,"1,191",4.1 out of 5 stars
amazon.in/Tabelito-NEXA-Backpack-Business-Compartment/dp/B0C2D4T9R5/ref=sr_1_193?crid=2M096C61O4MLT&keywords=bags&qid=1690096891&sprefix=ba%2Caps%2C283&sr=8-193,"Tabelito® NEXA 3O L Water Resistant Laptop/College/Office/School/Travel/Business Bag, Unisex Backpack for Men Women Fits Up to 15.6 Inch Laptop Notebook. (GREY)",399,75,4.2 out of 5 stars
amazon.in/AUXTER-BLACKY-Duffel-Emboss-Black/dp/B07F2H25NP/ref=sr_1_194?crid=2M096C61O4MLT&keywords=bags&qid=1690096891&sprefix=ba%2Caps%2C283&sr=8-194,AUXTER Faux Leather 23 Cms Duffle Bag(AUX_GB_LE_Black -SE__0521_Black),429,"9,247",4.3 out of 5 stars
amazon.in/Skybags-Unisex-Yellow-Fabric-Backpacks/dp/B0B21XM4KX/ref=sr_1_195?crid=2M096C61O4MLT&keywords=bags&qid=1690096891&sprefix=ba%2Caps%2C283&sr=8-195,Skybags Unisex Gucci Fabric Backpacks,584,268,4.2 out of 5 stars
amazon.in/Half-Moon-Waterproof-Backpack-Students/dp/B0BR149RMT/ref=sr_1_196?crid=2M096C61O4MLT&keywords=bags&qid=1690096891&sprefix=ba%2Caps%2C283&sr=8-196,Half Moon 35 L Casual Waterproof Laptop Bag/Backpack for Men Women Boys Girls/Office School College Teens & Students with Rain Cover (18 Inch) (Sky Blue),699,87,3.6 out of 5 stars
amazon.in/sspa/click?ie=UTF8&spc=MTo4MzEzNzk1NzE1NzY1NjM6MTY5MDA5Njg5MTpzcF9idGY6MzAwMDA2ODIyMTI2NjMyOjowOjo&url=%2FWALKENT-Premium-Support-Pockets-Elprine%2Fdp%2FB0C7KP65DP%2Fref%3Dsr_1_197_sspa%3Fcrid%3D2M096C61O4MLT%26keywords%3Dbags%26qid%3D1690096891%26sprefix%3Dba%252Caps%252C283%26sr%3D8-197-spons%26sp_csd%3Dd2lkZ2V0TmFtZT1zcF9idGY%26psc%3D1,"WALKENT Waterproof Laptop Bag for Men with Side Bottle Pockets, Cushioned Straps & More P2","4,990",,
amazon.in/sspa/click?ie=UTF8&spc=MTo4MzEzNzk1NzE1NzY1NjM6MTY5MDA5Njg5MTpzcF9idGY6MzAwMDE0NTk0MDAxNjMyOjowOjo&url=%2FElegant-Leatherette-Waterproof-Backpack-Business%2Fdp%2FB0C4GVK22X%2Fref%3Dsr_1_198_sspa%3Fcrid%3D2M096C61O4MLT%26keywords%3Dbags%26qid%3D1690096891%26sprefix%3Dba%252Caps%252C283%26sr%3D8-198-spons%26sp_csd%3Dd2lkZ2V0TmFtZT1zcF9idGY%26psc%3D1,Elegant 16 inch 28 L Casual Waterproof Laptop Backpack/Office Bag/School Bag/College Bag/Business Bag/Unisex Travel Backpack,799,5,5.0 out of 5 stars
amazon.in/sspa/click?ie=UTF8&spc=MToyODEzMzYyMDkzMDQ2NDM2OjE2OTAwOTcxNzk6c3BfYXRmX25leHQ6MjAxMTgzNjI2ODYwOTg6OjA6Og&url=%2Fuppercase-Professional-Backpack-resistant-sustainable%2Fdp%2FB0BTYTY8GG%2Fref%3Dsr_1_273_sspa%3Fcrid%3D2M096C61O4MLT%26keywords%3Dbags%26qid%3D1690097179%26sprefix%3Dba%252Caps%252C283%26sr%3D8-273-spons%26sp_csd%3Dd2lkZ2V0TmFtZT1zcF9hdGZfbmV4dA%26psc%3D1,"uppercase Sigma Professional Laptop Backpack (15.6 Inch) 3x more water resistant sustainable bags with rain proof zippers for Men, Women, Boys and Girls, 750 Days warranty","2,100",23,4.7 out of 5 stars
amazon.in/sspa/click?ie=UTF8&spc=MToyODEzMzYyMDkzMDQ2NDM2OjE2OTAwOTcxNzk6c3BfYXRmX25leHQ6MzAwMDE1Njc2MDAwOTMyOjowOjo&url=%2FLappee-Trendy-Backpacks-College-Spacejack%2Fdp%2FB0C96DVQ28%2Fref%3Dsr_1_274_sspa%3Fcrid%3D2M096C61O4MLT%26keywords%3Dbags%26qid%3D1690097179%26sprefix%3Dba%252Caps%252C283%26sr%3D8-274-spons%26sp_csd%3Dd2lkZ2V0TmFtZT1zcF9hdGZfbmV4dA%26psc%3D1,Lappee Trendy Casual Backpacks for School College Office Travel with Rain Cover | 15.6 inch Office Laptop Bags for Men Women | Sylish Heavy Duty School Bag for Boys Girls (Spacejack- Black),899,5,5.0 out of 5 stars
amazon.in/Lavie-Sport-Strato-Medium-Duffle/dp/B0BNCBGRPX/ref=sr_1_275?crid=2M096C61O4MLT&keywords=bags&qid=1690097179&sprefix=ba%2Caps%2C283&sr=8-275,Lavie Sport Strato Medium 55 cms Duffle Bag for Travel | Travel Duffle Bag,829,41,4.2 out of 5 stars
amazon.in/Storite-Laptop-Briefcase-Messenger-Bag/dp/B08VWF41VX/ref=sr_1_276?crid=2M096C61O4MLT&keywords=bags&qid=1690097179&sprefix=ba%2Caps%2C283&sr=8-276,"Storite PU Leather 14 Inch Laptop Shoulder Messenger Sling Office Business Travel Bag for Men & Women (Brown, 40cm x 29cm x 6cm)",999,430,3.7 out of 5 stars
amazon.in/Cosmus-Polyester-Waterproof-Laptop-Backpack/dp/B07DFH15H2/ref=sr_1_277?crid=2M096C61O4MLT&keywords=bags&qid=1690097179&sprefix=ba%2Caps%2C283&sr=8-277,Cosmus Eden DX Black Polyester Waterproof Large Laptop Backpack for Upto 17 inches Laptop,"2,452",256,4.3 out of 5 stars
amazon.in/Tommy-Hilfiger-Nashville-Overnighter-Travel/dp/B0C3ZQBRT3/ref=sr_1_278?crid=2M096C61O4MLT&keywords=bags&qid=1690097179&sprefix=ba%2Caps%2C283&sr=8-278,"Tommy Hilfiger Nashville Black Overnighter for Travel - 51Ltrs, 15 Inch Laptop Capacity 4 Wheel Trolley Bag","3,199",4,5.0 out of 5 stars
amazon.in/SHAMRIZ-Sling-Adjustable-handbag-bag/dp/B0BH141C7H/ref=sr_1_279?crid=2M096C61O4MLT&keywords=bags&qid=1690097179&sprefix=ba%2Caps%2C283&sr=8-279,SHAMRIZ Women Sling Bag With Adjustable strap | handbag | purse |Side Sling bag | Tassel Sling Bag,341,"3,187",3.8 out of 5 stars
amazon.in/Skybags-Unisex-Adjustable-Polyester-Backpack/dp/B0BJ74KLLY/ref=sr_1_280?crid=2M096C61O4MLT&keywords=bags&qid=1690097179&sprefix=ba%2Caps%2C283&sr=8-280,Skybags Kick Unisex Adjustable Strap Polyester Laptop Backpack,"1,400",53,4.0 out of 5 stars
amazon.in/uppercase-Backpack-2300EBP1-resistant-sustainable/dp/B0BWNCV31F/ref=sr_1_281?crid=2M096C61O4MLT&keywords=bags&qid=1690097179&sprefix=ba%2Caps%2C283&sr=8-281,"uppercase Medium 17 Ltrs Vegan Leather (upto 14 inch) Laptop Backpack 2300EBP1 3x more water resistant sustainable bags with rain proof zippers for Men, Women, Boys and Girls, 750 Days warranty","1,600",504,4.1 out of 5 stars
amazon.in/Yondella-Sling-Medium-Sky-Blue/dp/B07TZ8R5QN/ref=sr_1_282?crid=2M096C61O4MLT&keywords=bags&qid=1690097179&sprefix=ba%2Caps%2C283&sr=8-282,Caprese Yondella Women's Sling Bag,999,"1,284",4.1 out of 5 stars
amazon.in/sspa/click?ie=UTF8&spc=MToyODEzMzYyMDkzMDQ2NDM2OjE2OTAwOTcxNzk6c3BfbXRmOjIwMDg1MjE1MTYzMzk4OjowOjo&url=%2FBATUM-Astro-Canvas-Leather-Backpack%2Fdp%2FB0BJ8T7LNS%2Fref%3Dsr_1_283_sspa%3Fcrid%3D2M096C61O4MLT%26keywords%3Dbags%26qid%3D1690097179%26sprefix%3Dba%252Caps%252C283%26sr%3D8-283-spons%26sp_csd%3Dd2lkZ2V0TmFtZT1zcF9tdGY%26psc%3D1,BATUM Astro Waxed Canvas Leather Laptop Backpack,"2,859",,
amazon.in/sspa/click?ie=UTF8&spc=MToyODEzMzYyMDkzMDQ2NDM2OjE2OTAwOTcxNzk6c3BfbXRmOjMwMDAxODA2NzcxOTczMjo6MDo6&url=%2FFunk-Hire-Leatherette-Backpack-Charging%2Fdp%2FB0C7W3J7XT%2Fref%3Dsr_1_284_sspa%3Fcrid%3D2M096C61O4MLT%26keywords%3Dbags%26qid%3D1690097179%26sprefix%3Dba%252Caps%252C283%26sr%3D8-284-spons%26sp_csd%3Dd2lkZ2V0TmFtZT1zcF9tdGY%26psc%3D1,"Funk For Hire Printed Leatherette 15.6"" inch Laptop Backpack with USB Charging Port","3,200",,
amazon.in/Safari-Polyester-Cms-Travel-KRYPTON17DFBLK_Black/dp/B097L3XJ38/ref=sr_1_285?crid=2M096C61O4MLT&keywords=bags&qid=1690097179&sprefix=ba%2Caps%2C283&sr=8-285,Safari Polyester 24 Cms Travel Bag(KRYPTON17DFBLK_Black),690,24,4.4 out of 5 stars
amazon.in/Flamingo-Cosmetic-Sichumaria-Water-Resistant-Organizer/dp/B0B1HNQHXD/ref=sr_1_286?crid=2M096C61O4MLT&keywords=bags&qid=1690097179&sprefix=ba%2Caps%2C283&sr=8-286,Sichumaria Flamingo Cosmetic Bag Portable Travel Makeup Bag for Women Large Travel Water-Resistant Zipper Makeup Organizer for Girls Make Up Bag Brush Bags (Pink),238,72,3.9 out of 5 stars
amazon.in/American-Tourister-Harp-Duffle-Grey/dp/B0BTHP5LS1/ref=sr_1_287?crid=2M096C61O4MLT&keywords=bags&qid=1690097179&sprefix=ba%2Caps%2C283&sr=8-287,American Tourister Harp Duffle Bag 52 CM Grey,"1,199",14,3.9 out of 5 stars
amazon.in/Martucci-Waterproof-Backpack-College-Business/dp/B0B1HM2ZGX/ref=sr_1_288?crid=2M096C61O4MLT&keywords=bags&qid=1690097179&sprefix=ba%2Caps%2C283&sr=8-288,Martucci 16 inch 36L Casual Waterproof Backpack/Office Bag/School Bag/College Bag/Business Bag/Unisex Travel Backpack,599,181,3.8 out of 5 stars
amazon.in/Lenovo-Laptop-Everyday-Backpack-Black/dp/B07GM5NR14/ref=sr_1_289?crid=2M096C61O4MLT&keywords=bags&qid=1690097179&sprefix=ba%2Caps%2C283&sr=8-289,Lenovo Everyday Laptop Backpack B515 15.6-inch Water Repellent Black,"1,499","3,709",4.1 out of 5 stars
amazon.in/FATMUG-Compartment-Shoulder-Training-Overnight/dp/B08PC3FZWV/ref=sr_1_290?crid=2M096C61O4MLT&keywords=bags&qid=1690097179&sprefix=ba%2Caps%2C283&sr=8-290,"FATMUG Sports Duffel Gym Bag for Men, Women with Wet Pocket and Shoe Compartment (Light Grey 32L)","1,099",237,4.4 out of 5 stars
amazon.in/Canvas-Weekender-Detachable-Shoulder-Military/dp/B09MSBC2KT/ref=sr_1_291?crid=2M096C61O4MLT&keywords=bags&qid=1690097179&sprefix=ba%2Caps%2C283&sr=8-291,Fur Jaden 40L Canvas Weekender Travel Duffle Cabin Bag with Detachable Shoulder Strap (Military Green),"1,999",294,4.1 out of 5 stars
amazon.in/MOCA-Tablet-Carrying-2021-2018-27x20cm/dp/B09ZHQNBCQ/ref=sr_1_292?crid=2M096C61O4MLT&keywords=bags&qid=1690097179&sprefix=ba%2Caps%2C283&sr=8-292,"MOCA 9 to 11 Inch Tablet Sleeve Bag Carrying Case Fits iPad air 5 10.9"" 2022, iPad Pro 11 2021-2018, iPad 9/8/7th Gen 10.2, iPad Air 4 10.9/Air 3 10.5, Tab S8 11""/Tab A 10.1 (27x20cm) (Black)",459,174,4.4 out of 5 stars
amazon.in/sspa/click?ie=UTF8&spc=MToyODEzMzYyMDkzMDQ2NDM2OjE2OTAwOTcxNzk6c3BfYnRmOjMwMDAxNTY3NjAwMDYzMjo6MDo6&url=%2FLappee-Backpacks-Tourister-Compartment-Bagpacks%2Fdp%2FB0C96J3N88%2Fref%3Dsr_1_293_sspa%3Fcrid%3D2M096C61O4MLT%26keywords%3Dbags%26qid%3D1690097179%26sprefix%3Dba%252Caps%252C283%26sr%3D8-293-spons%26sp_csd%3Dd2lkZ2V0TmFtZT1zcF9idGY%26psc%3D1,Lappee Explore Casual School College Backpacks for Boys Girls with rain Cover | 15.6 inch Laptop Bags for Office | Tourister Bags for Trek and Hiking Heavy Duty Three Compartment Bagpacks  (Blue),990,,
amazon.in/sspa/click?ie=UTF8&spc=MToyODEzMzYyMDkzMDQ2NDM2OjE2OTAwOTcxNzk6c3BfYnRmOjMwMDAxODc1OTgzNTgzMjo6MDo6&url=%2FBackpack-College-dark-blue-Resistance%2Fdp%2FB0C9YH34B6%2Fref%3Dsr_1_294_sspa%3Fcrid%3D2M096C61O4MLT%26keywords%3Dbags%26qid%3D1690097179%26sprefix%3Dba%252Caps%252C283%26sr%3D8-294-spons%26sp_csd%3Dd2lkZ2V0TmFtZT1zcF9idGY%26psc%3D1,Laptop Backpack||School College Bag||Casual dark blue Backpack for Men Women Boys Girls with Water Resistance,550,,
amazon.in/Gear-Black-Laptop-Backpack-LBPASPIRE0104/dp/B075MK4TXP/ref=sr_1_16?crid=2M096C61O4MLT&keywords=bags&qid=1690091715&sprefix=ba%2Caps%2C283&sr=8-16,Gear Cello 30 Ltrs Black Laptop Backpack (LBPASPIRE0104),"1,125","5,906",4.4 out of 5 stars
amazon.in/Nelle-Harper-Womens-Sling-Green/dp/B07JGQM7DC/ref=sr_1_17?crid=2M096C61O4MLT&keywords=bags&qid=1690091715&sprefix=ba%2Caps%2C283&sr=8-17,Nelle Harper Women's Handbag,809,"1,904",3.7 out of 5 stars
amazon.in/Lunars-Bingo-Laptop-Resistant-48L/dp/B08YZ8FFBZ/ref=sr_1_18?crid=2M096C61O4MLT&keywords=bags&qid=1690091715&sprefix=ba%2Caps%2C283&sr=8-18,Lunar's Bingo - 48 L Laptop Office/School/Travel/Business Backpack Water Resistant - Fits Up to 15.6 Inch Laptop Notebook with 1 Year Warranty,899,"9,890",3.9 out of 5 stars